0,0,0,0,0,0,0,0,0,0,0,0,0,0,0,0,0,0,0,0,0,0,0,0,0,0,0,0,0,0,0,0,0,0,0,0,0,0,0,0,0,0,0,0,0,0,0,0,0,0,0,0,0,0,0,0,0,0,0,0,0,0,0,0,0,0,0,0,0,0,0,0,0,0,0,0,0,0,0,0,0,0,0,0,0,0,0,0,0,0,0,0,0,0,0,0,0,0,0,0,0,0,0,0,0,0,0,0,0,0,0,0,0,0,0,0,0,0,0,0,0,0,0,0,0,0,0,0,0,0,0,0,0,0,0,0,0,0,0,0,0,0,0,0,0,0,0,0,0,0,0,0,3,18,18,18,126,136,175,26,166,255,247,127,0,0,0,0,0,0,0,0,0,0,0,0,30,36,94,154,170,253,253,253,253,253,225,172,253,242,195,64,0,0,0,0,0,0,0,0,0,0,0,49,238,253,253,253,253,253,253,253,253,251,93,82,82,56,39,0,0,0,0,0,0,0,0,0,0,0,0,18,219,253,253,253,253,253,198,182,247,241,0,0,0,0,0,0,0,0,0,0,0,0,0,0,0,0,0,0,80,156,107,253,253,205,11,0,43,154,0,0,0,0,0,0,0,0,0,0,0,0,0,0,0,0,0,0,0,14,1,154,253,90,0,0,0,0,0,0,0,0,0,0,0,0,0,0,0,0,0,0,0,0,0,0,0,0,0,139,253,190,2,0,0,0,0,0,0,0,0,0,0,0,0,0,0,0,0,0,0,0,0,0,0,0,0,11,190,253,70,0,0,0,0,0,0,0,0,0,0,0,0,0,0,0,0,0,0,0,0,0,0,0,0,0,35,241,225,160,108,1,0,0,0,0,0,0,0,0,0,0,0,0,0,0,0,0,0,0,0,0,0,0,0,81,240,253,253,119,25,0,0,0,0,0,0,0,0,0,0,0,0,0,0,0,0,0,0,0,0,0,0,0,45,186,253,253,150,27,0,0,0,0,0,0,0,0,0,0,0,0,0,0,0,0,0,0,0,0,0,0,0,16,93,252,253,187,0,0,0,0,0,0,0,0,0,0,0,0,0,0,0,0,0,0,0,0,0,0,0,0,0,249,253,249,64,0,0,0,0,0,0,0,0,0,0,0,0,0,0,0,0,0,0,0,0,0,46,130,183,253,253,207,2,0,0,0,0,0,0,0,0,0,0,0,0,0,0,0,0,0,0,0,39,148,229,253,253,253,250,182,0,0,0,0,0,0,0,0,0,0,0,0,0,0,0,0,0,0,24,114,221,253,253,253,253,201,78,0,0,0,0,0,0,0,0,0,0,0,0,0,0,0,0,0,23,66,213,253,253,253,253,198,81,2,0,0,0,0,0,0,0,0,0,0,0,0,0,0,0,0,18,171,219,253,253,253,253,195,80,9,0,0,0,0,0,0,0,0,0,0,0,0,0,0,0,0,55,172,226,253,253,253,253,244,133,11,0,0,0,0,0,0,0,0,0,0,0,0,0,0,0,0,0,0,136,253,253,253,212,135,132,16,0,0,0,0,0,0,0,0,0,0,0,0,0,0,0,0,0,0,0,0,0,0,0,0,0,0,0,0,0,0,0,0,0,0,0,0,0,0,0,0,0,0,0,0,0,0,0,0,0,0,0,0,0,0,0,0,0,0,0,0,0,0,0,0,0,0,0,0,0,0,0,0,0,0,0,0,0,0,0,0,0,0,0,0,0,0,0,0,0,0,0,0,0,0,0,0,0,0,0,0,cinq
0,0,0,0,0,0,0,0,0,0,0,0,0,0,0,0,0,0,0,0,0,0,0,0,0,0,0,0,0,0,0,0,0,0,0,0,0,0,0,0,0,0,0,0,0,0,0,0,0,0,0,0,0,0,0,0,0,0,0,0,0,0,0,0,0,0,0,0,0,0,0,0,0,0,0,0,0,0,0,0,0,0,0,0,0,0,0,0,0,0,0,0,0,0,0,0,0,0,0,0,0,0,0,0,0,0,0,0,0,0,0,0,0,0,0,0,0,0,0,0,0,0,0,0,0,0,0,0,0,0,0,0,0,0,0,0,0,0,0,0,0,0,0,0,0,0,0,0,0,0,0,38,43,105,255,253,253,253,253,253,174,6,0,0,0,0,0,0,0,0,0,0,0,0,0,0,0,43,139,224,226,252,253,252,252,252,252,252,252,158,14,0,0,0,0,0,0,0,0,0,0,0,0,0,0,178,252,252,252,252,253,252,252,252,252,252,252,252,59,0,0,0,0,0,0,0,0,0,0,0,0,0,0,109,252,252,230,132,133,132,132,189,252,252,252,252,59,0,0,0,0,0,0,0,0,0,0,0,0,0,0,4,29,29,24,0,0,0,0,14,226,252,252,172,7,0,0,0,0,0,0,0,0,0,0,0,0,0,0,0,0,0,0,0,0,0,0,85,243,252,252,144,0,0,0,0,0,0,0,0,0,0,0,0,0,0,0,0,0,0,0,0,0,0,88,189,252,252,252,14,0,0,0,0,0,0,0,0,0,0,0,0,0,0,0,0,0,0,0,0,91,212,247,252,252,252,204,9,0,0,0,0,0,0,0,0,0,0,0,0,0,0,0,32,125,193,193,193,253,252,252,252,238,102,28,0,0,0,0,0,0,0,0,0,0,0,0,0,0,0,45,222,252,252,252,252,253,252,252,252,177,0,0,0,0,0,0,0,0,0,0,0,0,0,0,0,0,0,45,223,253,253,253,253,255,253,253,253,253,74,0,0,0,0,0,0,0,0,0,0,0,0,0,0,0,0,0,31,123,52,44,44,44,44,143,252,252,74,0,0,0,0,0,0,0,0,0,0,0,0,0,0,0,0,0,0,0,0,0,0,0,0,15,252,252,74,0,0,0,0,0,0,0,0,0,0,0,0,0,0,0,0,0,0,0,0,0,0,0,0,86,252,252,74,0,0,0,0,0,0,0,0,0,0,0,0,0,0,5,75,9,0,0,0,0,0,0,98,242,252,252,74,0,0,0,0,0,0,0,0,0,0,0,0,0,61,183,252,29,0,0,0,0,18,92,239,252,252,243,65,0,0,0,0,0,0,0,0,0,0,0,0,0,208,252,252,147,134,134,134,134,203,253,252,252,188,83,0,0,0,0,0,0,0,0,0,0,0,0,0,0,208,252,252,252,252,252,252,252,252,253,230,153,8,0,0,0,0,0,0,0,0,0,0,0,0,0,0,0,49,157,252,252,252,252,252,217,207,146,45,0,0,0,0,0,0,0,0,0,0,0,0,0,0,0,0,0,0,7,103,235,252,172,103,24,0,0,0,0,0,0,0,0,0,0,0,0,0,0,0,0,0,0,0,0,0,0,0,0,0,0,0,0,0,0,0,0,0,0,0,0,0,0,0,0,0,0,0,0,0,0,0,0,0,0,0,0,0,0,0,0,0,0,0,0,0,0,0,0,0,0,0,0,0,0,0,0,0,0,0,0,0,0,0,0,0,0,0,0,0,0,0,0,0,0,0,0,0,0,0,0,0,0,0,trois
0,0,0,0,0,0,0,0,0,0,0,0,0,0,0,0,0,0,0,0,0,0,0,0,0,0,0,0,0,0,0,0,0,0,0,0,0,0,0,0,0,0,0,0,0,0,0,0,0,0,0,0,0,0,0,0,0,0,0,0,0,0,0,0,0,0,0,0,0,0,0,0,0,0,0,0,0,0,0,0,0,0,0,0,0,0,0,0,0,0,0,0,0,0,0,0,0,0,0,0,0,0,0,0,0,0,0,0,0,0,0,0,0,0,0,0,0,0,0,0,0,0,0,42,118,219,166,118,118,6,0,0,0,0,0,0,0,0,0,0,0,0,0,0,0,0,0,0,0,0,103,242,254,254,254,254,254,66,0,0,0,0,0,0,0,0,0,0,0,0,0,0,0,0,0,0,0,0,18,232,254,254,254,254,254,238,70,0,0,0,0,0,0,0,0,0,0,0,0,0,0,0,0,0,0,0,0,104,244,254,224,254,254,254,141,0,0,0,0,0,0,0,0,0,0,0,0,0,0,0,0,0,0,0,0,0,207,254,210,254,254,254,34,0,0,0,0,0,0,0,0,0,0,0,0,0,0,0,0,0,0,0,0,0,84,206,254,254,254,254,41,0,0,0,0,0,0,0,0,0,0,0,0,0,0,0,0,0,0,0,0,0,0,24,209,254,254,254,171,0,0,0,0,0,0,0,0,0,0,0,0,0,0,0,0,0,0,0,0,0,91,137,253,254,254,254,112,0,0,0,0,0,0,0,0,0,0,0,0,0,0,0,0,0,0,0,40,214,250,254,254,254,254,254,34,0,0,0,0,0,0,0,0,0,0,0,0,0,0,0,0,0,0,0,81,247,254,254,254,254,254,254,146,0,0,0,0,0,0,0,0,0,0,0,0,0,0,0,0,0,0,0,0,110,246,254,254,254,254,254,171,0,0,0,0,0,0,0,0,0,0,0,0,0,0,0,0,0,0,0,0,0,73,89,89,93,240,254,171,0,0,0,0,0,0,0,0,0,0,0,0,0,0,0,0,0,0,0,0,0,0,0,0,1,128,254,219,31,0,0,0,0,0,0,0,0,0,0,0,0,0,0,0,0,0,0,0,0,0,0,0,7,254,254,214,28,0,0,0,0,0,0,0,0,0,0,0,0,0,0,0,0,0,0,0,0,0,0,0,138,254,254,116,0,0,0,0,0,0,0,0,0,0,0,0,0,0,0,19,177,90,0,0,0,0,0,25,240,254,254,34,0,0,0,0,0,0,0,0,0,0,0,0,0,0,0,164,254,215,63,36,0,51,89,206,254,254,139,8,0,0,0,0,0,0,0,0,0,0,0,0,0,0,0,57,197,254,254,222,180,241,254,254,253,213,11,0,0,0,0,0,0,0,0,0,0,0,0,0,0,0,0,0,140,105,254,254,254,254,254,254,236,0,0,0,0,0,0,0,0,0,0,0,0,0,0,0,0,0,0,0,0,7,117,117,165,254,254,239,50,0,0,0,0,0,0,0,0,0,0,0,0,0,0,0,0,0,0,0,0,0,0,0,0,0,0,0,0,0,0,0,0,0,0,0,0,0,0,0,0,0,0,0,0,0,0,0,0,0,0,0,0,0,0,0,0,0,0,0,0,0,0,0,0,0,0,0,0,0,0,0,0,0,0,0,0,0,0,0,0,0,0,0,0,0,0,0,0,0,0,0,0,0,0,0,0,0,0,0,0,0,0,0,0,0,0,0,0,0,0,0,0,0,0,0,0,0,0,0,0,0,0,0,0,trois
0,0,0,0,0,0,0,0,0,0,0,0,0,0,0,0,0,0,0,0,0,0,0,0,0,0,0,0,0,0,0,0,0,0,0,0,0,0,0,0,0,0,0,0,0,0,0,0,0,0,0,0,0,0,0,0,0,0,0,0,0,0,0,0,0,0,0,0,0,0,0,0,0,0,0,0,0,0,0,0,0,0,0,0,0,0,0,0,0,0,0,0,0,0,0,0,0,0,0,0,0,0,0,0,0,0,0,0,0,0,0,0,0,0,0,0,0,0,0,0,0,0,0,0,0,0,0,0,0,0,0,0,0,0,0,0,0,0,0,0,0,0,0,0,0,0,0,0,0,0,0,0,0,0,0,0,0,0,0,0,0,0,0,0,0,0,0,0,0,0,0,0,0,0,0,0,0,0,0,0,0,0,0,0,0,0,0,0,0,0,0,0,0,0,0,0,0,0,0,0,0,0,0,0,0,0,0,0,0,0,0,0,0,0,0,0,31,40,129,234,234,159,0,0,0,0,0,0,0,0,0,0,0,0,0,0,0,0,0,0,0,0,68,150,239,254,253,253,253,215,0,0,0,0,0,0,0,0,0,0,0,0,0,0,0,0,0,0,156,201,254,254,254,241,150,98,8,0,0,0,0,0,0,0,0,0,0,0,0,0,0,0,0,0,19,154,254,236,203,83,39,30,0,0,0,0,0,0,0,0,0,0,0,0,0,0,0,0,0,0,0,0,144,253,145,12,0,0,0,0,0,0,0,0,0,0,0,0,0,0,0,0,0,0,0,0,0,10,129,222,78,79,8,0,0,0,0,0,0,0,0,0,0,0,0,0,0,0,0,0,0,0,0,0,0,134,253,167,8,0,0,0,0,0,0,0,0,0,0,0,0,0,0,0,0,0,0,0,0,0,0,0,0,255,254,78,0,0,0,0,0,0,0,0,0,0,0,0,0,0,0,0,0,0,0,0,0,0,0,0,0,201,253,226,69,0,0,0,0,0,0,0,0,0,0,0,0,0,0,0,0,0,0,0,0,0,55,6,0,18,128,253,241,41,0,0,0,0,0,0,0,0,0,0,0,0,0,0,0,0,0,0,25,205,235,92,0,0,20,253,253,58,0,0,0,0,0,0,0,0,0,0,0,0,0,0,0,0,0,0,231,245,108,0,0,0,132,253,185,14,0,0,0,0,0,0,0,0,0,0,0,0,0,0,0,0,0,0,121,245,254,254,254,217,254,223,50,0,0,0,0,0,0,0,0,0,0,0,0,0,0,0,0,0,0,0,0,116,165,233,233,234,180,39,3,0,0,0,0,0,0,0,0,0,0,0,0,0,0,0,0,0,0,0,0,0,0,0,0,0,0,0,0,0,0,0,0,0,0,0,0,0,0,0,0,0,0,0,0,0,0,0,0,0,0,0,0,0,0,0,0,0,0,0,0,0,0,0,0,0,0,0,0,0,0,0,0,0,0,0,0,0,0,0,0,0,0,0,0,0,0,0,0,0,0,0,0,0,0,0,0,0,0,0,0,0,0,0,0,0,0,0,0,0,0,0,0,0,0,0,0,0,0,0,0,0,0,0,0,0,0,0,0,0,0,0,0,0,0,0,0,0,0,0,0,0,0,0,0,0,0,0,0,0,0,0,0,0,0,0,0,0,0,0,0,0,0,0,0,0,0,0,0,0,0,0,0,0,0,0,0,0,0,0,0,0,0,0,0,0,0,0,0,0,0,0,0,0,0,0,0,0,0,0,0,0,0,0,0,0,0,0,0,0,cinq
0,0,0,0,0,0,0,0,0,0,0,0,0,0,0,0,0,0,0,0,0,0,0,0,0,0,0,0,0,0,0,0,0,0,0,0,0,0,0,0,0,0,0,0,0,0,0,0,0,0,0,0,0,0,0,0,0,0,0,0,0,0,0,0,0,0,0,0,0,0,0,0,0,0,0,0,0,0,0,0,0,0,0,0,0,0,0,0,0,0,0,0,0,0,0,0,0,0,0,0,0,0,0,0,0,0,0,0,0,0,0,0,0,0,0,0,0,0,0,0,0,0,0,0,0,0,0,0,0,0,0,0,0,0,0,0,0,0,0,0,0,0,0,12,99,91,142,155,246,182,155,155,155,155,131,52,0,0,0,0,0,0,0,0,0,0,0,0,0,0,0,138,254,254,254,254,254,254,254,254,254,254,254,252,210,122,33,0,0,0,0,0,0,0,0,0,0,0,0,220,254,254,254,235,189,189,189,189,150,189,205,254,254,254,75,0,0,0,0,0,0,0,0,0,0,0,0,35,74,35,35,25,0,0,0,0,0,0,13,224,254,254,153,0,0,0,0,0,0,0,0,0,0,0,0,0,0,0,0,0,0,0,0,0,0,0,90,254,254,247,53,0,0,0,0,0,0,0,0,0,0,0,0,0,0,0,0,0,0,0,0,0,6,152,246,254,254,49,0,0,0,0,0,0,0,0,0,0,0,0,0,0,0,0,0,0,0,0,0,66,158,254,254,249,103,8,0,0,0,0,0,0,0,0,0,0,0,0,0,0,0,0,0,0,0,0,54,251,254,254,254,248,74,5,0,0,0,0,0,0,0,0,0,0,0,0,0,0,0,0,0,0,0,0,140,254,254,254,254,254,254,202,125,45,0,0,0,0,0,0,0,0,0,0,0,0,0,0,0,0,0,0,58,181,234,254,254,254,254,254,254,252,140,22,0,0,0,0,0,0,0,0,0,0,0,0,0,0,0,0,0,0,30,50,73,155,253,254,254,254,254,191,2,0,0,0,0,0,0,0,0,0,0,0,0,0,0,0,0,0,0,0,0,0,91,200,254,254,254,254,118,0,0,0,0,0,0,0,0,0,0,0,0,0,0,0,0,0,0,0,0,0,0,4,192,254,254,254,154,0,0,0,0,0,0,0,0,0,0,0,0,0,0,0,0,0,0,0,0,0,0,0,141,254,254,254,116,0,0,0,0,0,0,0,0,0,0,0,0,0,25,126,86,0,0,0,0,0,0,3,188,254,254,250,61,0,0,0,0,0,0,0,0,0,0,0,0,24,209,254,15,0,0,0,0,0,23,137,254,254,254,209,0,0,0,0,0,0,0,0,0,0,0,0,0,168,254,254,48,9,0,0,9,127,241,254,254,255,242,63,0,0,0,0,0,0,0,0,0,0,0,0,0,101,254,254,254,205,190,190,205,254,254,254,254,242,67,0,0,0,0,0,0,0,0,0,0,0,0,0,0,33,166,254,254,254,254,254,254,254,254,250,138,55,0,0,0,0,0,0,0,0,0,0,0,0,0,0,0,0,7,88,154,116,194,194,154,154,88,49,0,0,0,0,0,0,0,0,0,0,0,0,0,0,0,0,0,0,0,0,0,0,0,0,0,0,0,0,0,0,0,0,0,0,0,0,0,0,0,0,0,0,0,0,0,0,0,0,0,0,0,0,0,0,0,0,0,0,0,0,0,0,0,0,0,0,0,0,0,0,0,0,0,0,0,0,0,0,0,0,0,0,0,0,0,0,0,0,0,0,0,0,0,0,trois
0,0,0,0,0,0,0,0,0,0,0,0,0,0,0,0,0,0,0,0,0,0,0,0,0,0,0,0,0,0,0,0,0,0,0,0,0,0,0,0,0,0,0,0,0,0,0,0,0,0,0,0,0,0,0,0,0,0,0,0,0,0,0,0,0,0,0,0,0,0,0,0,0,0,0,0,0,0,0,0,0,0,0,0,0,0,0,0,0,0,0,0,0,0,0,0,0,0,0,0,0,0,0,0,0,0,0,0,0,0,0,0,0,0,0,0,0,0,0,0,0,0,0,0,0,0,0,0,0,0,0,0,0,0,0,0,0,0,0,0,0,0,0,0,0,0,0,0,0,0,9,80,207,255,254,254,254,97,80,80,44,0,0,0,0,0,0,0,0,0,0,0,0,0,39,158,158,158,168,253,253,253,253,253,253,253,253,253,210,38,0,0,0,0,0,0,0,0,0,0,0,0,226,253,253,253,253,253,253,253,253,253,253,253,253,253,253,241,146,0,0,0,0,0,0,0,0,0,0,0,139,253,253,253,238,113,215,253,253,253,253,253,253,253,253,253,210,43,0,0,0,0,0,0,0,0,0,0,39,34,34,34,30,0,31,148,34,204,235,253,253,253,253,253,236,64,0,0,0,0,0,0,0,0,0,0,91,0,0,0,0,0,0,0,0,35,199,253,253,253,253,244,81,0,0,0,0,0,0,0,0,0,0,0,0,0,0,0,0,11,33,202,202,216,253,253,253,253,241,89,0,0,0,0,0,0,0,0,0,0,0,0,0,0,0,0,11,167,253,253,253,253,253,253,253,238,82,0,0,0,0,0,0,0,0,0,0,0,0,0,0,0,0,0,27,253,253,253,253,253,253,253,253,96,0,0,0,0,0,0,0,0,0,0,0,0,0,0,0,0,0,0,18,201,253,253,253,253,253,253,253,230,49,0,0,0,0,0,0,0,0,0,0,0,0,0,0,0,0,0,0,36,87,87,87,248,253,253,253,253,138,0,0,0,0,0,0,0,0,0,0,0,0,0,0,0,0,0,0,0,0,0,0,7,152,253,253,253,250,59,0,0,0,0,0,0,0,0,0,0,0,0,0,0,0,0,0,0,0,0,0,0,62,238,253,253,253,60,0,0,0,0,0,0,0,0,0,0,0,0,0,0,0,0,0,0,0,0,0,0,32,233,253,253,150,6,0,0,0,0,0,0,0,0,0,0,0,0,0,0,0,0,0,0,0,0,0,37,203,253,253,253,138,0,0,0,0,0,0,0,0,0,0,0,66,211,211,211,59,36,36,21,26,36,151,222,253,253,253,253,138,0,0,0,0,0,0,0,0,0,0,0,80,253,253,253,253,253,253,195,215,253,253,253,253,253,253,157,77,0,0,0,0,0,0,0,0,0,0,0,80,253,253,253,253,253,253,253,253,253,253,253,253,237,235,40,0,0,0,0,0,0,0,0,0,0,0,0,49,156,247,253,253,253,253,253,253,253,253,159,156,16,0,0,0,0,0,0,0,0,0,0,0,0,0,0,0,0,116,253,253,253,253,253,126,78,78,3,0,0,0,0,0,0,0,0,0,0,0,0,0,0,0,0,0,0,0,0,0,0,0,0,0,0,0,0,0,0,0,0,0,0,0,0,0,0,0,0,0,0,0,0,0,0,0,0,0,0,0,0,0,0,0,0,0,0,0,0,0,0,0,0,0,0,0,0,0,0,0,0,0,0,0,0,0,0,0,0,0,0,0,0,0,0,0,0,0,0,0,0,0,0,0,0,trois
0,0,0,0,0,0,0,0,0,0,0,0,0,0,0,0,0,0,0,0,0,0,0,0,0,0,0,0,0,0,0,0,0,0,0,0,0,0,0,0,0,0,0,0,0,0,0,0,0,0,0,0,0,0,0,0,0,0,0,0,0,0,0,0,0,0,0,0,0,0,0,0,0,0,0,0,0,0,0,0,0,0,0,0,0,0,0,0,0,0,0,0,0,0,0,0,0,0,0,0,0,0,0,0,0,0,0,0,0,0,0,0,0,0,0,0,0,0,0,0,0,0,0,0,0,0,0,0,0,0,0,0,0,0,0,0,0,0,0,0,0,0,0,0,0,0,0,0,0,0,0,0,0,0,0,0,0,0,0,0,0,0,0,0,0,0,0,0,0,0,0,0,0,0,0,0,0,0,0,0,0,0,0,0,0,0,0,0,0,0,0,0,0,0,0,0,0,0,0,0,0,11,19,95,143,143,143,143,143,143,143,143,33,0,0,0,0,0,0,0,0,0,0,0,0,0,0,90,149,208,253,253,253,253,253,253,253,253,253,253,217,22,0,0,0,0,0,0,0,0,0,0,0,0,0,255,253,251,222,222,161,140,99,99,99,99,143,253,253,113,0,0,0,0,0,0,0,0,0,0,0,0,0,217,210,86,0,0,0,0,0,0,0,29,161,253,253,82,0,0,0,0,0,0,0,0,0,0,0,0,0,0,0,0,0,0,0,0,0,0,33,203,253,253,174,13,0,0,0,0,0,0,0,0,0,0,0,0,0,0,0,0,0,0,0,0,10,78,232,253,253,253,43,0,0,0,0,0,0,0,0,0,0,0,0,0,0,0,0,0,0,0,0,0,138,253,253,253,253,253,192,180,180,128,32,0,0,0,0,0,0,0,0,0,0,0,0,0,0,0,0,0,174,253,253,253,253,253,253,253,253,253,169,3,0,0,0,0,0,0,0,0,0,0,0,0,0,0,0,0,42,61,61,61,61,83,176,79,110,247,253,195,4,0,0,0,0,0,0,0,0,0,0,0,0,0,0,0,0,0,0,0,59,192,30,0,0,50,203,253,42,0,0,0,0,0,0,0,0,0,0,0,0,0,0,0,0,0,0,56,195,57,0,0,0,0,112,253,229,0,0,0,0,0,0,0,0,0,0,0,0,0,0,0,0,0,0,172,204,17,0,0,0,0,58,248,253,0,0,0,0,0,0,0,0,0,0,0,0,0,0,0,0,0,0,192,253,184,62,0,0,85,164,253,253,0,0,0,0,0,0,0,0,0,0,0,0,0,0,0,0,0,0,144,253,253,243,223,223,250,253,253,96,0,0,0,0,0,0,0,0,0,0,0,0,0,0,0,0,0,0,7,152,253,253,253,253,253,253,152,3,0,0,0,0,0,0,0,0,0,0,0,0,0,0,0,0,0,0,0,6,18,122,141,141,141,87,1,0,0,0,0,0,0,0,0,0,0,0,0,0,0,0,0,0,0,0,0,0,0,0,0,0,0,0,0,0,0,0,0,0,0,0,0,0,0,0,0,0,0,0,0,0,0,0,0,0,0,0,0,0,0,0,0,0,0,0,0,0,0,0,0,0,0,0,0,0,0,0,0,0,0,0,0,0,0,0,0,0,0,0,0,0,0,0,0,0,0,0,0,0,0,0,0,0,0,0,0,0,0,0,0,0,0,0,0,0,0,0,0,0,0,0,0,0,0,0,0,0,0,0,0,0,0,0,0,0,0,0,0,0,0,0,0,0,0,0,0,0,0,0,0,0,0,trois
0,0,0,0,0,0,0,0,0,0,0,0,0,0,0,0,0,0,0,0,0,0,0,0,0,0,0,0,0,0,0,0,0,0,0,0,0,0,0,0,0,0,0,0,0,0,0,0,0,0,0,0,0,0,0,0,0,0,0,0,0,0,0,0,0,0,0,0,0,0,0,0,0,0,0,0,0,0,0,0,0,0,0,0,0,0,0,0,0,0,0,0,0,0,0,0,0,0,0,0,0,0,0,0,0,0,0,0,0,0,0,0,0,0,0,0,0,0,0,0,0,0,0,0,0,0,0,0,0,0,0,0,0,0,0,0,0,0,0,0,0,0,0,0,0,0,0,0,0,0,0,0,0,0,0,0,0,0,0,0,0,0,0,0,0,0,0,0,0,0,0,0,0,0,0,0,0,0,0,0,0,0,0,0,0,0,0,0,29,141,198,255,198,0,0,0,0,0,0,0,0,0,0,0,0,0,0,0,0,0,0,0,0,86,141,198,255,255,255,255,170,0,0,0,0,0,0,0,0,0,0,0,0,0,0,0,0,0,29,141,226,255,255,255,255,198,86,0,0,0,0,0,0,0,0,0,0,0,0,0,0,0,0,0,0,0,170,255,255,170,86,86,0,0,0,0,0,0,0,0,0,0,0,0,0,0,0,0,0,0,0,0,0,141,226,170,57,0,0,0,0,0,0,0,0,0,0,0,0,0,0,0,0,0,0,0,0,0,0,0,86,255,198,29,0,0,0,0,0,0,0,0,0,0,0,0,0,0,0,0,0,0,0,0,0,0,0,0,198,255,141,86,57,0,0,0,0,0,0,0,0,0,0,0,0,0,0,0,0,0,0,0,0,0,0,170,255,198,114,226,170,29,0,0,0,0,0,0,0,0,0,0,0,0,0,0,0,0,0,0,0,57,198,255,114,29,0,141,255,29,0,0,0,0,0,0,0,0,0,0,0,0,0,0,0,0,0,0,0,114,255,114,0,0,0,141,255,29,0,0,0,0,0,0,0,0,0,0,0,0,0,0,0,0,0,0,0,0,29,0,0,0,0,226,255,29,0,0,0,0,0,0,0,0,0,0,0,0,0,0,0,0,0,0,0,0,0,0,0,0,114,255,141,0,0,0,0,0,0,0,0,0,0,0,0,0,0,0,0,86,0,0,0,0,0,0,0,114,226,226,29,0,0,0,0,0,0,0,0,0,0,0,0,0,0,0,0,255,198,86,0,0,0,141,255,255,170,29,0,0,0,0,0,0,0,0,0,0,0,0,0,0,0,0,0,226,255,226,170,226,255,255,198,29,0,0,0,0,0,0,0,0,0,0,0,0,0,0,0,0,0,0,0,86,198,255,255,170,141,57,0,0,0,0,0,0,0,0,0,0,0,0,0,0,0,0,0,0,0,0,0,0,0,0,0,0,0,0,0,0,0,0,0,0,0,0,0,0,0,0,0,0,0,0,0,0,0,0,0,0,0,0,0,0,0,0,0,0,0,0,0,0,0,0,0,0,0,0,0,0,0,0,0,0,0,0,0,0,0,0,0,0,0,0,0,0,0,0,0,0,0,0,0,0,0,0,0,0,0,0,0,0,0,0,0,0,0,0,0,0,0,0,0,0,0,0,0,0,0,0,0,0,0,0,0,0,0,0,0,0,0,0,0,0,0,0,0,0,0,0,0,0,0,0,0,0,0,0,0,0,0,0,0,0,0,0,0,0,0,0,0,0,0,0,0,0,0,0,0,0,0,0,0,0,0,0,0,0,0,0,0,0,0,0,cinq
0,0,0,0,0,0,0,0,0,0,0,0,0,0,0,0,0,0,0,0,0,0,0,0,0,0,0,0,0,0,0,0,0,0,0,0,0,0,0,0,0,0,0,0,0,0,0,0,0,0,0,0,0,0,0,0,0,0,0,0,0,0,0,0,0,0,0,0,0,0,0,0,0,0,0,0,0,0,0,0,0,0,0,0,0,0,0,0,0,0,0,0,0,0,0,0,0,0,0,0,0,0,0,0,0,0,0,0,0,0,0,0,0,0,0,0,0,0,0,0,0,0,0,0,0,0,0,0,0,0,0,0,0,0,0,0,0,0,0,0,0,0,0,0,0,0,0,0,0,0,0,0,0,0,0,0,0,0,0,0,0,0,0,0,0,0,0,0,0,0,0,0,0,0,163,132,51,51,51,51,51,51,51,21,0,0,0,0,0,0,0,0,0,0,0,0,0,0,0,0,0,0,203,253,252,253,252,253,252,253,252,223,203,41,0,0,0,0,0,0,0,0,0,0,0,0,0,0,0,0,0,103,142,203,203,203,203,203,203,214,253,204,0,0,0,0,0,0,0,0,0,0,0,0,0,0,0,0,0,0,0,0,0,0,0,0,0,51,252,162,0,0,0,0,0,0,0,0,0,0,0,0,0,0,0,0,0,0,0,0,0,0,0,0,0,255,253,82,0,0,0,0,0,0,0,0,0,0,0,0,0,0,0,0,0,0,0,0,0,0,0,0,123,253,130,0,0,0,0,0,0,0,0,0,0,0,0,0,0,0,0,0,0,0,0,0,0,0,0,132,253,203,20,0,0,0,0,0,0,0,0,0,0,0,0,0,0,0,0,0,0,0,0,0,0,0,123,253,252,20,0,0,0,0,0,0,0,0,0,0,0,0,0,0,0,0,0,0,0,0,0,0,0,113,253,224,61,0,0,0,0,0,0,0,0,0,0,0,0,0,0,0,0,0,0,0,0,0,0,0,0,152,252,223,102,102,61,41,0,0,0,0,0,0,0,0,0,0,0,0,0,0,0,0,0,0,0,0,0,62,142,203,243,254,253,254,253,82,0,0,0,0,0,0,0,0,0,0,0,0,0,0,0,0,0,0,0,0,0,0,40,71,111,172,252,203,0,0,0,0,0,0,0,0,0,0,0,0,0,0,0,0,0,0,0,0,0,0,0,0,0,72,253,203,0,0,0,0,0,0,0,0,0,0,0,0,0,0,0,0,0,0,0,0,0,0,0,0,0,152,252,81,0,0,0,0,0,0,0,0,0,0,0,0,0,0,0,0,0,0,0,0,0,0,0,0,102,254,213,0,0,0,0,0,0,0,0,0,0,0,0,0,0,0,0,0,0,0,0,0,0,0,0,21,203,253,130,0,0,0,0,0,0,0,0,0,0,0,0,0,0,0,0,0,0,0,0,0,0,0,0,173,253,163,0,0,0,0,0,0,0,0,0,0,0,0,0,0,0,0,0,0,0,0,0,0,0,0,163,253,171,0,0,0,0,0,0,0,0,0,0,0,0,0,0,0,0,0,0,0,0,0,0,113,172,132,253,142,20,0,0,0,0,0,0,0,0,0,0,0,0,0,0,0,0,0,0,0,0,0,0,51,232,151,70,0,0,0,0,0,0,0,0,0,0,0,0,0,0,0,0,0,0,0,0,0,0,0,0,0,0,0,0,0,0,0,0,0,0,0,0,0,0,0,0,0,0,0,0,0,0,0,0,0,0,0,0,0,0,0,0,0,0,0,0,0,0,0,0,0,0,0,0,0,trois
0,0,0,0,0,0,0,0,0,0,0,0,0,0,0,0,0,0,0,0,0,0,0,0,0,0,0,0,0,0,0,0,0,0,0,0,0,0,0,0,0,0,0,0,0,0,0,0,0,0,0,0,0,0,0,0,0,0,0,0,0,0,0,0,0,0,0,0,0,0,0,0,0,0,0,0,0,0,0,0,0,0,0,0,0,0,0,0,0,0,0,0,0,0,0,0,0,0,0,0,0,0,0,0,0,0,0,0,0,0,0,0,0,0,0,0,0,0,0,0,0,0,0,0,0,0,0,0,0,0,0,0,0,0,0,0,0,0,0,0,0,0,0,0,0,0,0,0,0,0,0,0,0,0,0,0,0,0,0,0,0,0,0,0,0,0,0,0,0,0,0,0,0,0,0,0,0,0,0,0,0,0,0,0,0,0,128,128,255,255,255,255,255,64,0,0,0,0,0,0,0,0,0,0,0,0,0,0,0,0,0,0,128,255,255,255,255,255,255,255,255,255,0,0,0,0,0,0,0,0,0,0,0,0,0,0,0,0,0,64,255,255,255,255,255,255,255,191,128,128,0,0,0,0,0,0,0,0,0,0,0,0,0,0,0,0,0,255,255,191,128,128,64,0,0,0,0,0,0,0,0,0,0,0,0,0,0,0,0,0,0,64,128,0,0,64,0,0,0,0,0,0,0,0,0,0,0,0,0,0,0,0,0,0,0,0,0,0,191,255,255,0,0,0,0,0,0,0,0,0,0,0,0,0,0,0,0,0,0,0,0,0,0,0,0,64,255,255,128,0,0,0,0,0,0,0,0,0,0,0,0,0,0,0,0,0,0,0,0,0,0,0,0,255,255,191,0,0,0,0,0,0,0,0,0,0,0,0,0,0,0,0,0,0,0,0,0,0,0,0,0,255,255,255,191,128,64,0,0,0,0,0,0,0,0,0,0,0,0,0,0,0,0,0,0,0,0,0,0,128,255,255,255,255,255,128,0,0,0,0,0,0,0,0,0,0,0,0,0,0,0,0,0,0,0,0,0,0,0,128,128,255,255,255,64,0,0,0,0,0,0,0,0,0,0,0,0,0,0,0,0,0,0,0,0,0,0,0,0,64,191,255,255,0,0,0,0,0,0,0,0,0,0,0,0,0,0,0,0,0,0,0,0,0,0,0,0,0,128,255,191,0,0,0,0,0,0,0,0,0,0,0,0,0,0,0,0,0,0,0,0,0,0,0,0,64,191,255,191,0,0,0,0,0,0,0,0,0,0,0,0,0,0,0,0,0,0,128,191,64,0,0,64,255,255,255,128,0,0,0,0,0,0,0,0,0,0,0,0,0,0,0,0,0,128,255,255,255,255,255,255,255,255,191,0,0,0,0,0,0,0,0,0,0,0,0,0,0,0,0,0,0,255,255,255,255,255,255,255,255,128,0,0,0,0,0,0,0,0,0,0,0,0,0,0,0,0,0,0,0,128,255,255,128,191,128,0,0,0,0,0,0,0,0,0,0,0,0,0,0,0,0,0,0,0,0,0,0,0,0,0,0,0,0,0,0,0,0,0,0,0,0,0,0,0,0,0,0,0,0,0,0,0,0,0,0,0,0,0,0,0,0,0,0,0,0,0,0,0,0,0,0,0,0,0,0,0,0,0,0,0,0,0,0,0,0,0,0,0,0,0,0,0,0,0,0,0,0,0,0,0,0,0,0,0,0,0,0,0,0,0,0,0,0,0,0,0,0,0,0,0,0,0,0,0,0,0,0,0,0,0,0,0,0,cinq
0,0,0,0,0,0,0,0,0,0,0,0,0,0,0,0,0,0,0,0,0,0,0,0,0,0,0,0,0,0,0,0,0,0,0,0,0,0,0,0,0,0,0,0,0,0,0,0,0,0,0,0,0,0,0,0,0,0,0,0,0,0,0,0,0,0,0,0,0,0,0,0,0,0,0,0,0,0,0,0,0,0,0,0,0,0,0,0,0,0,0,0,0,0,0,0,0,0,0,0,0,0,0,0,0,0,0,0,0,0,0,0,0,0,0,0,0,0,0,0,0,0,0,0,0,0,0,0,0,0,0,0,0,0,0,0,0,0,0,0,0,0,0,0,0,0,0,0,0,0,0,0,63,114,238,253,253,253,255,27,0,0,0,0,0,0,0,0,0,0,0,0,0,0,0,0,0,0,98,225,240,253,252,252,252,252,253,228,225,130,38,0,0,0,0,0,0,0,0,26,6,0,0,0,0,67,240,252,252,253,252,252,252,252,253,252,252,252,112,0,0,0,0,0,0,0,0,101,24,0,0,0,0,28,121,249,239,253,236,204,112,189,253,252,252,217,37,0,0,0,0,0,0,0,0,0,0,0,0,0,0,0,25,99,63,112,50,159,252,252,253,252,220,37,0,0,0,0,0,0,0,0,0,0,0,0,0,0,0,0,0,0,63,114,238,253,253,253,255,152,110,0,0,0,0,0,0,0,0,0,0,0,0,0,0,0,0,0,19,101,240,253,252,252,252,204,106,3,0,0,0,0,0,0,0,0,0,0,0,0,0,0,0,0,0,0,166,252,252,253,252,176,55,25,0,0,0,0,0,0,0,0,0,0,0,0,0,0,0,0,0,0,0,0,181,252,252,253,252,155,26,0,0,0,0,0,0,0,0,0,0,0,0,0,0,0,0,0,0,0,0,0,25,112,112,174,252,252,239,63,0,0,0,0,0,0,0,0,0,0,0,0,0,0,0,0,0,0,0,0,0,0,0,0,126,229,253,253,114,12,0,0,0,0,0,0,0,0,0,0,0,0,0,0,0,0,0,0,0,0,0,0,0,53,177,252,253,27,0,0,0,0,0,0,0,0,0,0,0,0,0,0,0,0,0,0,0,0,0,0,0,0,22,227,253,136,0,0,0,0,0,0,0,0,0,0,0,0,0,0,0,0,0,0,0,0,0,0,0,0,19,215,253,89,0,0,0,0,0,0,0,0,0,0,0,0,0,0,0,0,0,0,0,0,0,0,0,0,107,252,253,167,0,0,0,0,0,0,0,0,0,0,0,0,0,0,92,253,255,27,0,0,63,114,113,222,253,253,204,15,0,0,0,0,0,0,0,0,0,0,0,0,0,51,243,252,253,103,85,178,240,253,252,252,252,252,94,0,0,0,0,0,0,0,0,0,0,0,0,0,0,13,155,252,253,252,252,252,252,253,252,239,180,55,0,0,0,0,0,0,0,0,0,0,0,0,0,0,0,0,26,239,253,252,252,249,223,225,99,65,0,0,0,0,0,0,0,0,0,0,0,0,0,0,0,0,0,0,0,63,174,252,141,99,0,0,0,0,0,0,0,0,0,0,0,0,0,0,0,0,0,0,0,0,0,0,0,0,0,0,0,0,0,0,0,0,0,0,0,0,0,0,0,0,0,0,0,0,0,0,0,0,0,0,0,0,0,0,0,0,0,0,0,0,0,0,0,0,0,0,0,0,0,0,0,0,0,0,0,0,0,0,0,0,0,0,0,0,0,0,0,0,0,0,0,0,0,0,0,0,0,0,0,0,trois
0,0,0,0,0,0,0,0,0,0,0,0,0,0,0,0,0,0,0,0,0,0,0,0,0,0,0,0,0,0,0,0,0,0,0,0,0,0,0,0,0,0,0,0,0,0,0,0,0,0,0,0,0,0,0,0,0,0,0,0,0,0,0,0,0,0,0,0,0,0,0,0,0,0,0,0,0,0,0,0,0,0,0,0,0,0,0,0,0,0,0,0,0,0,0,0,0,0,0,0,0,0,0,0,0,0,0,0,0,0,0,0,0,0,0,0,0,0,0,0,0,0,12,56,140,126,175,200,96,2,0,0,0,0,0,0,0,0,0,0,0,0,0,0,0,0,0,0,35,166,238,254,246,242,253,246,254,67,0,0,0,0,0,0,0,0,0,0,0,0,0,0,0,0,0,0,184,182,146,127,70,30,45,36,215,175,0,0,0,0,0,0,0,0,0,0,0,0,0,0,0,0,0,0,30,0,0,0,0,0,0,0,207,246,14,0,0,0,0,0,0,0,0,0,0,0,0,0,0,0,0,0,0,0,0,0,0,0,0,55,251,169,1,0,0,0,0,0,0,0,0,0,0,0,0,0,0,0,0,0,0,0,0,0,0,0,11,215,232,20,0,0,0,0,0,0,0,0,0,0,0,0,0,0,0,0,0,0,0,0,0,0,0,20,190,250,61,0,0,0,0,0,0,0,0,0,0,0,0,0,0,0,0,0,0,0,0,0,0,24,118,206,254,248,142,108,18,0,0,0,0,0,0,0,0,0,0,0,0,0,0,0,0,0,0,0,63,223,254,254,254,254,254,254,209,0,0,0,0,0,0,0,0,0,0,0,0,0,0,0,0,0,0,0,52,174,129,95,16,16,16,106,249,125,0,0,0,0,0,0,0,0,0,0,0,0,0,0,0,0,0,0,0,0,0,0,0,0,0,0,179,239,0,0,0,0,0,0,0,0,0,0,0,0,0,0,0,0,0,0,0,0,0,0,0,0,0,0,80,239,0,0,0,0,0,0,0,0,0,0,0,0,0,0,0,0,0,0,0,0,0,0,0,0,0,0,80,244,20,0,0,0,0,0,0,0,0,0,0,0,0,0,0,0,0,0,0,0,0,0,0,0,0,0,100,239,0,0,0,0,0,0,0,0,0,0,0,0,0,0,0,0,0,0,0,0,0,0,0,0,0,0,234,239,0,0,0,0,0,0,0,0,0,0,0,0,0,0,0,4,140,5,0,0,0,0,0,0,3,150,254,129,0,0,0,0,0,0,0,0,0,0,0,0,0,0,0,64,254,181,38,0,0,0,0,34,188,254,209,20,0,0,0,0,0,0,0,0,0,0,0,0,0,0,0,12,226,255,223,88,68,128,157,242,254,207,23,0,0,0,0,0,0,0,0,0,0,0,0,0,0,0,0,0,45,210,254,254,254,254,255,254,187,49,0,0,0,0,0,0,0,0,0,0,0,0,0,0,0,0,0,0,0,41,129,239,229,179,91,16,3,0,0,0,0,0,0,0,0,0,0,0,0,0,0,0,0,0,0,0,0,0,0,0,0,0,0,0,0,0,0,0,0,0,0,0,0,0,0,0,0,0,0,0,0,0,0,0,0,0,0,0,0,0,0,0,0,0,0,0,0,0,0,0,0,0,0,0,0,0,0,0,0,0,0,0,0,0,0,0,0,0,0,0,0,0,0,0,0,0,0,0,0,0,0,0,0,0,0,0,0,0,0,0,0,0,0,0,0,0,0,0,0,0,0,0,0,0,0,0,0,0,0,0,trois
0,0,0,0,0,0,0,0,0,0,0,0,0,0,0,0,0,0,0,0,0,0,0,0,0,0,0,0,0,0,0,0,0,0,0,0,0,0,0,0,0,0,0,0,0,0,0,0,0,0,0,0,0,0,0,0,0,0,0,0,0,0,0,0,0,0,0,0,0,0,0,0,0,0,0,0,0,0,0,0,0,0,0,0,0,0,0,0,0,0,0,0,0,0,0,0,0,0,0,0,0,0,0,0,0,0,0,0,0,0,0,0,0,0,0,0,0,0,0,0,0,0,0,0,0,0,0,0,0,0,0,0,0,0,0,0,0,0,0,0,0,0,0,0,0,0,0,0,0,0,0,0,0,0,0,0,0,0,0,0,0,0,0,0,0,0,0,0,0,0,0,0,0,0,0,0,0,0,0,0,0,0,0,0,0,0,0,0,0,0,0,0,0,0,0,0,0,0,0,0,0,0,0,0,0,0,0,0,0,0,0,0,0,0,0,0,0,0,0,6,37,37,0,0,0,0,0,0,0,0,0,0,0,0,0,0,0,0,0,0,0,0,0,8,51,110,160,207,253,253,0,0,0,0,0,0,0,0,0,0,0,0,0,0,0,0,0,0,0,53,136,212,253,254,253,253,253,188,0,0,0,0,0,0,0,0,0,0,0,0,0,0,0,63,80,195,255,254,254,222,181,182,181,135,52,0,0,0,0,0,0,0,0,0,0,0,0,0,0,16,223,250,253,253,254,182,18,10,0,0,0,0,0,0,0,0,0,0,0,0,0,0,0,0,0,3,133,228,253,247,216,151,69,16,0,0,0,0,0,0,0,0,0,0,0,0,0,0,0,0,0,0,0,58,253,254,253,116,4,0,0,0,0,0,0,0,0,0,0,0,0,0,0,0,0,0,0,0,0,0,0,38,227,254,253,227,87,0,0,0,0,0,0,0,0,0,0,0,0,0,0,0,0,0,0,0,0,0,0,0,33,182,249,254,203,0,0,0,0,0,0,0,0,0,0,0,0,0,0,0,0,0,0,0,0,0,0,0,0,0,67,253,215,0,0,0,0,0,0,0,0,0,0,0,0,0,0,0,0,0,0,0,0,0,0,0,0,0,68,253,157,0,0,0,0,0,0,0,0,0,0,0,0,0,0,0,0,0,0,0,135,92,0,0,0,0,184,253,125,0,0,0,0,0,0,0,0,0,0,0,0,0,0,0,0,0,0,0,254,218,46,0,0,27,242,253,54,0,0,0,0,0,0,0,0,0,0,0,0,0,0,0,0,0,0,0,170,254,254,215,228,255,254,133,0,0,0,0,0,0,0,0,0,0,0,0,0,0,0,0,0,0,0,0,31,160,206,253,214,140,108,16,0,0,0,0,0,0,0,0,0,0,0,0,0,0,0,0,0,0,0,0,0,0,6,36,11,0,0,0,0,0,0,0,0,0,0,0,0,0,0,0,0,0,0,0,0,0,0,0,0,0,0,0,0,0,0,0,0,0,0,0,0,0,0,0,0,0,0,0,0,0,0,0,0,0,0,0,0,0,0,0,0,0,0,0,0,0,0,0,0,0,0,0,0,0,0,0,0,0,0,0,0,0,0,0,0,0,0,0,0,0,0,0,0,0,0,0,0,0,0,0,0,0,0,0,0,0,0,0,0,0,0,0,0,0,0,0,0,0,0,0,0,0,0,0,0,0,0,0,0,0,0,0,0,0,0,0,0,0,0,0,0,0,0,0,0,0,0,0,0,0,0,0,0,0,0,0,0,0,0,0,0,0,cinq
0,0,0,0,0,0,0,0,0,0,0,0,0,0,0,0,0,0,0,0,0,0,0,0,0,0,0,0,0,0,0,0,0,0,0,0,0,0,0,0,0,0,0,0,0,0,0,0,0,0,0,0,0,0,0,0,0,0,0,0,0,0,0,0,0,0,0,0,0,0,0,0,0,0,0,0,0,0,0,0,0,0,0,0,0,0,0,0,0,0,0,0,0,0,0,0,0,0,0,0,0,0,0,0,0,0,0,0,0,0,0,0,0,0,0,0,0,0,0,0,0,0,0,0,0,0,0,0,0,0,0,0,0,0,0,0,0,0,0,0,0,0,0,0,0,0,0,0,0,87,159,253,159,243,191,61,0,0,0,0,0,0,0,0,0,0,0,0,0,0,0,0,0,0,0,0,74,253,252,252,252,252,253,236,65,0,0,0,0,0,0,0,0,0,0,0,0,0,0,0,0,0,0,26,205,253,252,252,252,252,253,252,202,13,0,0,0,0,0,0,0,0,0,0,0,0,0,0,0,0,0,59,160,203,160,160,160,108,253,252,252,45,0,0,0,0,0,0,0,0,0,0,0,0,0,0,0,0,0,0,0,11,0,0,0,53,253,252,252,45,0,0,0,0,0,0,0,0,0,0,0,0,0,0,0,0,0,0,0,0,0,0,0,231,255,253,173,0,0,0,0,0,0,0,0,0,0,0,0,0,0,0,0,0,0,0,0,0,9,47,140,244,253,252,102,9,0,0,0,0,0,0,0,0,0,0,0,0,0,0,0,0,0,0,0,0,130,252,252,252,253,252,252,77,0,0,0,0,0,0,0,0,0,0,0,0,0,0,0,0,0,0,0,62,236,252,252,64,211,252,252,194,9,0,0,0,0,0,0,0,0,0,0,0,0,0,0,0,0,0,0,76,211,221,43,2,86,252,252,252,128,0,0,0,0,0,0,0,0,0,0,0,0,0,0,0,0,0,0,0,0,0,0,0,0,100,253,253,148,0,0,0,0,0,0,0,0,0,0,0,0,0,0,0,0,0,0,0,0,0,0,0,0,47,252,252,252,74,0,0,0,0,0,0,0,0,0,0,0,0,0,0,0,0,0,0,0,0,0,0,0,34,234,252,252,199,0,0,0,0,0,0,0,0,0,0,0,0,0,0,0,0,0,0,0,0,0,0,0,0,90,252,252,178,0,0,0,0,0,0,0,0,0,0,0,0,0,0,0,0,0,0,0,0,0,0,0,0,122,252,252,126,0,0,0,0,0,0,0,0,0,0,0,0,0,0,0,0,0,87,154,0,0,0,0,36,222,253,243,0,0,0,0,0,0,0,0,0,0,0,0,0,0,0,0,0,0,138,236,78,9,22,57,219,252,235,60,0,0,0,0,0,0,0,0,0,0,0,0,0,0,0,0,0,0,138,252,252,196,215,253,252,252,128,0,0,0,0,0,0,0,0,0,0,0,0,0,0,0,0,0,0,0,97,252,252,252,252,253,252,101,9,0,0,0,0,0,0,0,0,0,0,0,0,0,0,0,0,0,0,0,13,211,252,252,200,137,64,6,0,0,0,0,0,0,0,0,0,0,0,0,0,0,0,0,0,0,0,0,0,0,0,0,0,0,0,0,0,0,0,0,0,0,0,0,0,0,0,0,0,0,0,0,0,0,0,0,0,0,0,0,0,0,0,0,0,0,0,0,0,0,0,0,0,0,0,0,0,0,0,0,0,0,0,0,0,0,0,0,0,0,0,0,0,0,0,0,0,0,0,0,0,0,0,trois
0,0,0,0,0,0,0,0,0,0,0,0,0,0,0,0,0,0,0,0,0,0,0,0,0,0,0,0,0,0,0,0,0,0,0,0,0,0,0,0,0,0,0,0,0,0,0,0,0,0,0,0,0,0,0,0,0,0,0,0,0,0,0,0,0,0,0,0,0,0,0,0,0,0,0,0,0,0,0,0,0,0,0,0,0,0,0,0,0,0,0,0,0,0,0,0,0,0,0,0,0,0,0,0,0,0,0,0,0,0,0,0,0,0,0,0,0,0,0,0,0,0,0,0,0,0,0,0,0,0,0,0,0,0,0,0,0,0,0,0,0,0,0,0,0,0,0,0,0,0,0,0,0,0,0,0,0,0,0,0,0,0,0,0,0,0,0,0,0,0,0,7,7,77,142,254,254,254,254,254,163,98,5,0,0,0,0,0,0,0,0,0,0,0,0,0,0,0,0,254,253,253,252,241,241,243,253,253,253,253,219,33,0,0,0,0,0,0,0,0,0,0,0,0,0,0,0,236,229,111,100,0,0,19,111,111,141,249,253,172,0,0,0,0,0,0,0,0,0,0,0,0,0,0,0,0,0,0,0,0,0,0,0,6,56,228,253,160,0,0,0,0,0,0,0,0,0,0,0,0,0,0,0,0,0,0,0,0,0,0,7,141,253,253,208,19,0,0,0,0,0,0,0,0,0,0,0,0,0,0,0,0,0,0,0,0,0,0,129,253,253,253,226,161,46,0,0,0,0,0,0,0,0,0,0,0,0,0,0,0,0,0,0,0,0,0,144,231,210,243,253,253,224,123,6,0,0,0,0,0,0,0,0,0,0,0,0,0,0,0,0,0,0,0,0,40,0,61,117,219,253,253,183,17,0,0,0,0,0,0,0,0,0,0,0,0,0,0,0,0,0,0,0,0,0,0,0,24,117,245,253,135,32,0,0,0,0,0,0,0,0,0,0,0,0,0,0,0,0,0,0,0,0,0,0,0,0,104,246,253,169,34,0,0,0,0,0,0,0,0,0,0,0,0,0,0,0,0,0,0,0,0,0,0,0,0,54,235,253,167,2,0,0,0,0,0,0,0,0,0,0,0,0,0,0,0,0,0,0,0,0,0,0,0,0,102,248,253,5,0,0,0,0,0,0,0,0,0,0,0,0,0,0,0,0,0,0,0,0,0,0,0,0,0,196,253,106,0,0,0,0,0,0,0,0,0,0,0,0,0,0,0,0,0,0,0,0,0,0,0,0,0,112,253,129,0,0,0,0,0,0,0,0,0,0,0,0,0,0,0,0,0,0,0,0,0,0,0,0,0,112,253,175,0,0,0,0,0,0,0,0,0,0,0,0,0,0,0,0,0,0,0,0,0,0,0,0,0,112,253,144,0,0,0,0,0,0,0,0,0,0,0,0,0,0,0,0,0,78,26,0,0,0,0,0,0,163,253,78,0,0,0,0,0,0,0,0,0,0,0,0,0,0,0,0,28,219,206,112,112,112,112,112,224,252,253,5,0,0,0,0,0,0,0,0,0,0,0,0,0,0,0,0,0,9,195,253,253,253,253,253,253,201,78,1,0,0,0,0,0,0,0,0,0,0,0,0,0,0,0,0,0,0,4,5,5,5,51,129,17,3,0,0,0,0,0,0,0,0,0,0,0,0,0,0,0,0,0,0,0,0,0,0,0,0,0,0,0,0,0,0,0,0,0,0,0,0,0,0,0,0,0,0,0,0,0,0,0,0,0,0,0,0,0,0,0,0,0,0,0,0,0,0,0,trois
0,0,0,0,0,0,0,0,0,0,0,0,0,0,0,0,0,0,0,0,0,0,0,0,0,0,0,0,0,0,0,0,0,0,0,0,0,0,0,0,0,0,0,0,0,0,0,0,0,0,0,0,0,0,0,0,0,0,0,0,0,0,0,0,0,0,0,0,0,0,0,0,0,0,0,0,0,0,0,0,0,0,0,0,0,0,0,0,0,0,0,0,0,0,0,0,0,0,0,0,0,0,0,0,0,0,0,0,0,0,0,0,0,0,0,0,0,0,0,0,0,0,0,0,0,0,0,0,0,0,0,0,0,0,0,0,0,0,0,0,0,0,0,0,0,0,0,0,0,0,15,108,233,253,255,180,101,0,0,0,0,0,0,0,0,0,0,0,0,0,0,0,0,0,0,0,0,36,219,252,252,252,253,252,227,50,0,0,0,0,0,0,0,0,0,0,0,0,0,0,0,0,0,0,85,222,252,233,141,69,79,227,252,160,0,0,0,0,0,0,0,0,0,0,0,0,0,0,0,0,0,0,116,253,235,64,0,0,0,161,252,160,0,0,0,0,0,0,0,0,0,0,0,0,0,0,0,0,0,0,11,128,18,0,0,0,22,244,252,108,0,0,0,0,0,0,0,0,0,0,0,0,0,0,0,0,0,0,0,0,0,0,0,0,97,253,184,0,0,0,0,0,0,0,0,0,0,0,0,0,0,0,0,0,0,0,0,0,0,0,38,99,253,244,98,0,0,0,0,0,0,0,0,0,0,0,0,0,0,0,0,0,0,0,0,0,13,153,240,252,253,240,101,13,0,0,0,0,0,0,0,0,0,0,0,0,0,0,0,0,0,0,0,0,99,252,252,252,253,252,252,215,19,0,0,0,0,0,0,0,0,0,0,0,0,0,0,0,0,0,0,0,26,221,210,137,23,96,221,252,128,0,0,0,0,0,0,0,0,0,0,0,0,0,0,0,0,0,0,0,0,0,0,0,0,0,70,253,253,64,0,0,0,0,0,0,0,0,0,0,0,0,0,0,0,0,0,0,0,0,0,0,0,0,25,223,252,116,0,0,0,0,0,0,0,0,0,0,0,0,0,0,0,0,0,0,0,0,0,0,0,0,0,207,252,116,0,0,0,0,0,0,0,0,0,0,0,0,0,0,0,0,0,0,0,0,0,0,0,0,0,207,252,116,0,0,0,0,0,0,0,0,0,0,0,0,0,0,0,0,0,0,0,0,0,0,0,0,64,248,252,116,0,0,0,0,0,0,0,0,0,0,0,0,0,0,0,0,0,0,0,0,0,0,0,5,138,253,253,53,0,0,0,0,0,0,0,0,0,0,0,0,0,0,0,0,0,5,47,34,0,0,5,136,252,252,157,0,0,0,0,0,0,0,0,0,0,0,0,0,0,0,0,0,0,24,252,234,90,70,191,252,252,227,16,0,0,0,0,0,0,0,0,0,0,0,0,0,0,0,0,0,0,24,252,252,252,252,253,235,128,29,0,0,0,0,0,0,0,0,0,0,0,0,0,0,0,0,0,0,0,13,211,252,252,252,137,60,0,0,0,0,0,0,0,0,0,0,0,0,0,0,0,0,0,0,0,0,0,0,0,0,0,0,0,0,0,0,0,0,0,0,0,0,0,0,0,0,0,0,0,0,0,0,0,0,0,0,0,0,0,0,0,0,0,0,0,0,0,0,0,0,0,0,0,0,0,0,0,0,0,0,0,0,0,0,0,0,0,0,0,0,0,0,0,0,0,0,0,0,0,0,0,0,trois
0,0,0,0,0,0,0,0,0,0,0,0,0,0,0,0,0,0,0,0,0,0,0,0,0,0,0,0,0,0,0,0,0,0,0,0,0,0,0,0,0,0,0,0,0,0,0,0,0,0,0,0,0,0,0,0,0,0,0,0,0,0,0,0,0,0,0,0,0,0,0,0,0,0,0,0,0,0,0,0,0,0,0,0,0,0,0,0,0,0,0,0,0,0,0,0,0,0,0,0,0,0,0,0,0,0,0,0,0,0,0,0,0,0,0,0,0,0,0,0,0,0,0,0,0,0,0,0,0,0,0,0,0,0,0,0,0,0,0,0,0,0,0,0,0,0,0,0,0,0,0,0,0,0,0,0,0,0,0,0,0,0,0,0,0,0,0,0,0,0,0,0,0,0,0,0,0,0,0,0,0,2,18,46,136,136,244,255,241,103,0,0,0,0,0,0,0,0,0,0,0,0,0,0,0,0,0,15,94,163,253,253,253,253,238,218,204,35,0,0,0,0,0,0,0,0,0,0,0,0,0,0,0,0,0,131,253,253,253,253,237,200,57,0,0,0,0,0,0,0,0,0,0,0,0,0,0,0,0,0,0,0,155,246,253,247,108,65,45,0,0,0,0,0,0,0,0,0,0,0,0,0,0,0,0,0,0,0,0,0,207,253,253,230,0,0,0,0,0,0,0,0,0,0,0,0,0,0,0,0,0,0,0,0,0,0,0,0,157,253,253,125,0,0,0,0,0,0,0,0,0,0,0,0,0,0,0,0,0,0,0,0,0,0,0,0,89,253,250,57,0,0,0,0,0,0,0,0,0,0,0,0,0,0,0,0,0,0,0,0,0,0,0,0,89,253,247,0,0,0,0,0,0,0,0,0,0,0,0,0,0,0,0,0,0,0,0,0,0,0,0,0,89,253,247,0,0,0,0,0,0,0,0,0,0,0,0,0,0,0,0,0,0,0,0,0,0,0,0,0,89,253,247,0,0,0,0,0,0,0,0,0,0,0,0,0,0,0,0,0,0,0,0,0,0,0,0,0,21,231,249,34,0,0,0,0,0,0,0,0,0,0,0,0,0,0,0,0,0,0,0,0,0,0,0,0,0,225,253,231,213,213,123,16,0,0,0,0,0,0,0,0,0,0,0,0,0,0,0,0,0,0,0,0,0,172,253,253,253,253,253,190,63,0,0,0,0,0,0,0,0,0,0,0,0,0,0,0,0,0,0,0,0,2,116,72,124,209,253,253,141,0,0,0,0,0,0,0,0,0,0,0,0,0,0,0,0,0,0,0,0,0,0,0,0,25,219,253,206,3,0,0,0,0,0,0,0,0,0,0,0,0,0,0,0,0,0,0,0,0,0,0,0,0,104,246,253,5,0,0,0,0,0,0,0,0,0,0,0,0,0,0,0,0,0,0,0,0,0,0,0,0,0,213,253,5,0,0,0,0,0,0,0,0,0,0,0,0,0,0,0,0,0,0,0,0,0,0,0,0,26,226,253,5,0,0,0,0,0,0,0,0,0,0,0,0,0,0,0,0,0,0,0,0,0,0,0,0,132,253,209,3,0,0,0,0,0,0,0,0,0,0,0,0,0,0,0,0,0,0,0,0,0,0,0,0,78,253,86,0,0,0,0,0,0,0,0,0,0,0,0,0,0,0,0,0,0,0,0,0,0,0,0,0,0,0,0,0,0,0,0,0,0,0,0,0,0,0,0,0,0,0,0,0,0,0,0,0,0,0,0,0,0,0,0,0,0,0,0,0,0,0,0,0,cinq
0,0,0,0,0,0,0,0,0,0,0,0,0,0,0,0,0,0,0,0,0,0,0,0,0,0,0,0,0,0,0,0,0,0,0,0,0,0,0,0,0,0,0,0,0,0,0,0,0,0,0,0,0,0,0,0,0,0,0,0,0,0,0,0,0,0,0,0,0,0,0,0,0,0,0,0,0,0,0,0,0,0,0,0,0,0,0,0,0,0,0,0,0,0,0,0,0,0,0,0,0,0,0,0,0,0,0,0,0,0,0,0,0,0,0,0,0,0,0,0,0,0,0,0,0,79,191,255,253,253,253,63,0,0,0,0,0,0,0,0,0,0,0,0,0,0,0,0,0,0,42,73,115,242,252,253,252,252,252,238,154,0,0,0,0,0,0,0,0,0,0,0,0,0,0,0,0,27,221,253,252,252,252,253,252,252,252,253,190,11,0,0,0,0,0,0,0,0,0,0,0,0,0,0,0,37,252,253,210,108,108,108,108,128,252,253,252,71,0,0,0,0,0,0,0,0,0,0,0,0,0,0,0,0,83,83,0,0,0,0,0,37,252,253,252,71,0,0,0,0,0,0,0,0,0,0,0,0,0,0,0,0,0,0,0,0,0,0,21,181,252,253,189,10,0,0,0,0,0,0,0,0,0,0,0,0,0,0,0,0,0,0,0,0,0,0,176,252,252,237,71,0,0,0,0,0,0,0,0,0,0,0,0,0,0,0,0,0,0,0,0,0,0,145,237,252,252,144,0,0,0,0,0,0,0,0,0,0,0,0,0,0,0,0,0,0,0,0,0,16,191,255,253,253,253,145,0,0,0,0,0,0,0,0,0,0,0,0,0,0,0,0,0,0,0,73,115,222,252,253,252,252,252,144,0,0,0,0,0,0,0,0,0,0,0,0,0,0,0,0,0,0,105,253,252,252,252,217,215,241,252,144,0,0,0,0,0,0,0,0,0,0,0,0,0,0,0,0,0,0,144,253,252,231,108,0,0,181,252,144,0,0,0,0,0,0,0,0,0,0,0,0,0,0,0,0,0,0,84,145,104,0,0,0,0,182,253,145,0,0,0,0,0,0,0,0,0,0,0,0,0,0,0,0,0,0,0,0,0,0,0,0,21,201,252,144,0,0,0,0,0,0,0,0,0,0,0,0,0,0,0,0,0,0,0,0,0,0,0,0,176,252,252,144,0,0,0,0,0,0,0,0,0,0,0,0,0,0,0,0,0,0,0,0,0,0,0,63,237,252,252,62,0,0,0,0,0,0,0,0,0,0,0,0,0,79,109,0,0,0,0,110,109,109,191,255,253,237,62,0,0,0,0,0,0,0,0,0,0,0,0,0,187,242,252,217,217,217,217,253,252,252,252,253,231,153,0,0,0,0,0,0,0,0,0,0,0,0,0,0,217,252,252,252,252,252,252,253,220,215,215,217,71,0,0,0,0,0,0,0,0,0,0,0,0,0,0,0,93,211,252,189,108,108,108,108,15,0,0,0,0,0,0,0,0,0,0,0,0,0,0,0,0,0,0,0,0,0,0,0,0,0,0,0,0,0,0,0,0,0,0,0,0,0,0,0,0,0,0,0,0,0,0,0,0,0,0,0,0,0,0,0,0,0,0,0,0,0,0,0,0,0,0,0,0,0,0,0,0,0,0,0,0,0,0,0,0,0,0,0,0,0,0,0,0,0,0,0,0,0,0,0,0,0,0,0,0,0,0,0,0,0,0,0,0,0,0,0,0,0,0,0,0,0,0,0,0,0,0,0,0,0,0,0,trois
0,0,0,0,0,0,0,0,0,0,0,0,0,0,0,0,0,0,0,0,0,0,0,0,0,0,0,0,0,0,0,0,0,0,0,0,0,0,0,0,0,0,0,0,0,0,0,0,0,0,0,0,0,0,0,0,0,0,0,0,0,0,0,0,0,0,0,0,0,0,0,0,0,0,0,0,0,0,0,0,0,0,0,0,0,0,0,0,0,0,0,0,0,0,0,0,0,0,0,0,0,0,0,0,0,0,0,0,0,0,0,0,0,0,0,0,0,0,0,0,0,0,0,0,0,0,0,0,0,0,0,0,0,0,0,0,0,0,0,0,0,0,0,0,0,0,0,0,0,0,0,0,0,0,0,0,0,0,0,0,0,0,0,0,0,0,0,0,0,0,0,0,0,39,91,47,77,91,133,254,254,254,254,254,254,255,254,255,254,101,32,0,0,0,0,0,0,0,0,0,2,117,253,218,242,253,253,253,253,253,253,253,253,253,253,253,253,253,100,0,0,0,0,0,0,0,0,0,17,253,253,253,253,253,253,253,253,253,253,242,195,253,253,253,253,253,253,0,0,0,0,0,0,0,0,0,4,126,220,236,253,253,202,56,56,162,56,51,26,56,56,228,253,253,253,0,0,0,0,0,0,0,0,0,0,0,0,64,129,198,108,0,0,0,0,0,0,0,0,222,253,253,253,0,0,0,0,0,0,0,0,0,0,0,0,0,0,50,9,0,0,0,0,0,23,50,134,248,253,253,221,0,0,0,0,0,0,0,0,0,0,0,0,0,0,63,11,0,0,0,55,139,191,253,253,253,253,253,89,0,0,0,0,0,0,0,0,0,0,0,0,0,56,66,215,230,230,230,239,253,253,253,253,253,214,33,9,0,0,0,0,0,0,0,0,0,0,0,0,77,238,253,253,253,253,253,253,253,253,253,253,217,41,0,0,0,0,0,0,0,0,0,0,0,0,0,0,124,253,253,253,253,253,253,253,253,253,253,253,36,0,0,0,0,0,0,0,0,0,0,0,0,0,0,0,40,81,171,245,143,81,86,245,245,245,246,253,143,0,0,0,0,0,0,0,0,0,0,0,0,0,0,0,0,0,0,0,0,0,0,0,0,0,42,253,218,42,0,0,0,0,0,0,0,0,0,0,0,0,0,0,0,0,0,0,0,0,0,0,0,0,11,162,253,215,12,0,0,0,0,0,0,0,0,0,0,0,0,0,0,0,0,0,0,0,0,0,0,0,19,186,253,253,15,0,0,0,0,0,0,0,0,0,15,42,42,36,0,0,0,0,0,0,0,0,0,0,68,253,253,253,15,0,0,0,0,0,0,0,0,0,91,253,253,237,131,21,0,0,0,0,0,0,99,131,230,253,253,176,8,0,0,0,0,0,0,0,0,0,197,253,253,253,253,226,222,222,222,62,63,222,245,253,253,253,165,13,0,0,0,0,0,0,0,0,0,0,91,253,253,253,253,253,253,253,253,253,253,253,253,253,229,106,13,0,0,0,0,0,0,0,0,0,0,0,6,26,179,179,215,253,253,253,253,253,202,179,179,179,44,0,0,0,0,0,0,0,0,0,0,0,0,0,0,0,0,0,44,89,89,89,89,89,29,0,0,0,0,0,0,0,0,0,0,0,0,0,0,0,0,0,0,0,0,0,0,0,0,0,0,0,0,0,0,0,0,0,0,0,0,0,0,0,0,0,0,0,0,0,0,0,0,0,0,0,0,0,0,0,0,0,0,0,0,0,0,0,0,0,0,0,0,0,0,trois
0,0,0,0,0,0,0,0,0,0,0,0,0,0,0,0,0,0,0,0,0,0,0,0,0,0,0,0,0,0,0,0,0,0,0,0,0,0,0,0,0,0,0,0,0,0,0,0,0,0,0,0,0,0,0,0,0,0,0,0,0,0,0,0,0,0,0,0,0,0,0,0,0,0,0,0,0,0,0,0,0,0,0,0,0,0,0,0,0,0,0,0,0,0,0,0,0,0,0,0,0,0,0,0,0,0,0,0,0,0,0,0,0,0,0,0,0,0,0,0,0,0,0,0,0,0,0,0,0,0,0,0,0,0,0,0,0,0,0,0,0,0,0,0,0,0,0,0,44,198,91,10,0,0,0,0,0,0,0,0,0,0,0,0,0,0,0,0,0,0,0,0,0,0,0,0,177,254,254,251,176,164,93,41,0,0,0,0,0,0,0,0,0,0,0,0,0,0,0,0,0,0,0,0,140,248,254,254,254,254,254,251,207,160,63,0,0,0,0,0,0,0,0,0,0,0,0,0,0,0,0,0,0,62,157,99,99,172,243,254,254,254,235,18,0,0,0,0,0,0,0,0,0,0,0,0,0,0,0,0,0,0,0,0,0,0,14,17,207,254,254,65,0,0,0,0,0,0,0,0,0,0,0,0,0,0,0,0,0,0,0,0,0,0,30,143,250,254,249,49,0,0,0,0,0,0,0,0,0,0,0,0,0,0,0,0,0,0,0,0,11,144,242,254,254,230,64,0,0,0,0,0,0,0,0,0,0,0,0,0,0,0,0,0,0,0,0,0,171,254,254,247,163,36,0,0,0,0,0,0,0,0,0,0,0,0,0,0,0,0,0,0,0,0,0,0,221,254,254,70,0,0,0,0,0,0,0,0,0,0,0,0,0,0,0,0,0,0,0,0,0,0,0,0,154,248,254,212,91,10,0,0,0,0,0,0,0,0,0,0,0,0,0,0,0,0,0,0,0,0,0,0,0,51,234,254,254,183,30,0,0,0,0,0,0,0,0,0,0,0,0,0,0,0,0,0,0,0,0,0,0,0,96,219,254,254,116,9,0,0,0,0,0,0,0,0,0,0,0,0,0,0,0,0,0,0,0,0,0,0,0,42,203,254,254,85,0,0,0,0,0,0,0,0,0,0,0,0,0,0,0,0,0,0,0,0,0,0,0,0,26,134,254,239,7,0,0,0,0,0,0,0,0,0,0,0,0,0,0,0,0,0,0,0,0,0,0,0,18,133,254,246,63,0,0,0,0,0,0,0,0,0,0,0,0,0,0,0,0,0,0,0,0,15,61,116,242,254,253,112,0,0,0,0,0,0,0,0,0,0,0,0,0,0,0,0,0,4,14,90,174,244,254,254,254,249,132,0,0,0,0,0,0,0,0,0,0,0,0,0,0,0,0,0,112,199,254,255,254,254,254,239,120,41,0,0,0,0,0,0,0,0,0,0,0,0,0,0,0,0,0,80,248,230,244,251,191,206,122,41,0,0,0,0,0,0,0,0,0,0,0,0,0,0,0,0,0,0,0,156,102,0,46,10,0,0,0,0,0,0,0,0,0,0,0,0,0,0,0,0,0,0,0,0,0,0,0,0,0,0,0,0,0,0,0,0,0,0,0,0,0,0,0,0,0,0,0,0,0,0,0,0,0,0,0,0,0,0,0,0,0,0,0,0,0,0,0,0,0,0,0,0,0,0,0,0,0,0,0,0,0,0,0,0,0,0,0,0,0,0,0,0,0,0,0,0,0,0,0,0,0,0,0,0,trois
0,0,0,0,0,0,0,0,0,0,0,0,0,0,0,0,0,0,0,0,0,0,0,0,0,0,0,0,0,0,0,0,0,0,0,0,0,0,0,0,0,0,0,0,0,0,0,0,0,0,0,0,0,0,0,0,0,0,0,0,0,0,0,0,0,0,0,0,0,0,0,0,0,0,0,0,0,0,0,0,0,0,0,0,0,0,0,0,0,0,0,0,0,0,0,0,0,0,0,0,0,0,0,0,0,0,0,0,0,0,0,0,0,0,0,0,0,0,0,0,0,0,0,0,0,106,229,254,134,0,0,0,0,0,0,0,0,0,0,0,0,0,0,0,0,0,0,0,0,0,0,11,148,254,253,249,130,7,0,0,0,0,0,0,0,0,0,0,0,0,0,0,0,0,0,0,0,0,0,45,253,254,253,248,128,10,0,0,0,0,0,0,0,0,0,0,0,0,0,0,0,0,0,0,0,0,0,45,253,254,253,175,71,0,0,0,0,0,0,0,0,0,0,0,0,0,0,0,0,0,0,0,0,0,0,32,178,254,253,89,0,0,0,0,0,0,0,0,0,0,0,0,0,0,0,0,0,0,0,0,0,0,0,0,0,254,253,89,0,0,0,0,0,0,0,0,0,0,0,0,0,0,0,0,0,0,0,0,0,0,0,0,0,254,253,168,0,0,0,0,0,0,0,0,0,0,0,0,0,0,0,0,0,0,0,0,0,0,0,0,0,254,253,243,48,0,0,0,0,0,0,0,0,0,0,0,0,0,0,0,0,0,0,0,0,0,0,0,0,139,253,253,154,6,0,0,0,0,0,0,0,0,0,0,0,0,0,0,0,0,0,0,0,0,0,0,0,43,227,253,253,29,0,0,0,0,0,0,0,0,0,0,0,0,0,0,0,0,0,0,0,0,0,0,0,0,61,254,254,91,0,0,0,0,0,0,0,0,0,0,0,0,0,0,0,0,0,0,0,0,0,0,0,0,60,253,253,178,0,0,0,0,0,0,0,0,0,0,0,0,0,0,0,0,0,0,0,0,0,0,0,0,60,253,253,178,0,0,0,0,0,0,0,0,0,0,0,0,0,0,0,0,0,0,0,0,0,0,0,0,60,253,253,178,0,0,0,0,0,0,0,0,0,0,0,0,0,0,0,0,0,0,0,0,0,0,0,0,193,253,253,178,0,0,0,0,0,0,0,0,0,0,0,0,0,0,0,0,0,0,0,0,0,0,0,119,127,253,239,69,0,0,0,0,0,0,0,0,0,0,0,0,0,0,0,0,0,0,0,0,0,0,0,254,253,253,133,0,0,0,0,0,0,0,0,0,0,0,0,0,0,0,0,0,0,0,0,48,143,213,178,255,253,248,87,0,0,0,0,0,0,0,0,0,0,0,0,0,0,0,0,0,0,0,32,132,251,253,253,254,216,108,0,0,0,0,0,0,0,0,0,0,0,0,0,0,0,0,0,0,0,45,117,128,247,253,164,105,18,0,0,0,0,0,0,0,0,0,0,0,0,0,0,0,0,0,0,0,0,0,0,0,0,0,0,0,0,0,0,0,0,0,0,0,0,0,0,0,0,0,0,0,0,0,0,0,0,0,0,0,0,0,0,0,0,0,0,0,0,0,0,0,0,0,0,0,0,0,0,0,0,0,0,0,0,0,0,0,0,0,0,0,0,0,0,0,0,0,0,0,0,0,0,0,0,0,0,0,0,0,0,0,0,0,0,0,0,0,0,0,0,0,0,0,0,0,0,0,0,0,0,0,0,0,cinq
0,0,0,0,0,0,0,0,0,0,0,0,0,0,0,0,0,0,0,0,0,0,0,0,0,0,0,0,0,0,0,0,0,0,0,0,0,0,0,0,0,0,0,0,0,0,0,0,0,0,0,0,0,0,0,0,0,0,0,0,0,0,0,0,0,0,0,0,0,0,0,0,0,0,0,0,0,0,0,0,0,0,0,0,0,0,0,0,0,0,0,0,0,0,0,0,0,0,0,0,0,0,0,0,0,0,0,0,0,0,0,0,0,0,0,0,0,0,0,0,0,0,0,0,0,115,121,233,218,121,121,121,51,0,0,0,0,0,0,0,0,0,0,0,0,0,0,0,0,0,0,57,241,251,252,252,252,252,252,252,238,51,0,0,0,0,0,0,0,0,0,0,0,0,0,0,15,94,171,240,253,252,252,252,252,252,252,252,252,119,0,0,0,0,0,0,0,0,0,0,0,0,0,0,41,252,252,252,253,218,172,172,136,39,185,252,252,119,0,0,0,0,0,0,0,0,0,0,0,0,0,0,30,185,185,185,53,31,0,0,0,15,194,252,252,119,0,0,0,0,0,0,0,0,0,0,0,0,0,0,0,0,0,0,0,0,0,0,50,200,252,252,249,94,0,0,0,0,0,0,0,0,0,0,0,0,0,0,0,0,0,0,0,0,0,34,166,252,252,233,75,0,0,0,0,0,0,0,0,0,0,0,0,0,0,0,0,0,0,0,0,12,77,238,252,252,212,83,0,0,0,0,0,0,0,0,0,0,0,0,0,0,0,0,0,0,8,14,147,191,252,252,248,210,33,0,0,0,0,0,0,0,0,0,0,0,0,0,0,0,0,0,0,0,146,252,253,252,252,252,185,0,0,0,0,0,0,0,0,0,0,0,0,0,0,0,0,0,0,0,0,0,147,253,255,253,253,253,218,95,0,0,0,0,0,0,0,0,0,0,0,0,0,0,0,0,0,0,0,0,85,145,146,145,241,252,252,249,76,0,0,0,0,0,0,0,0,0,0,0,0,0,0,0,0,0,0,0,0,0,0,0,73,237,252,252,79,0,0,0,0,0,0,0,0,0,0,0,0,0,0,0,0,0,0,0,0,0,0,0,0,213,252,252,79,0,0,0,0,0,0,0,0,0,0,0,0,0,0,0,0,0,0,0,0,0,0,0,25,223,252,252,79,0,0,0,0,0,0,0,0,0,0,0,0,0,29,0,0,0,0,0,0,0,0,23,197,252,252,252,79,0,0,0,0,0,0,0,0,0,0,0,20,167,215,131,30,0,0,0,0,22,41,200,252,252,241,184,25,0,0,0,0,0,0,0,0,0,0,0,121,252,252,252,227,160,160,160,160,208,253,252,252,229,96,0,0,0,0,0,0,0,0,0,0,0,0,0,51,161,250,252,252,252,252,252,252,252,253,239,189,17,0,0,0,0,0,0,0,0,0,0,0,0,0,0,0,0,107,161,252,252,252,252,252,252,120,6,0,0,0,0,0,0,0,0,0,0,0,0,0,0,0,0,0,0,0,0,0,0,0,0,0,0,0,0,0,0,0,0,0,0,0,0,0,0,0,0,0,0,0,0,0,0,0,0,0,0,0,0,0,0,0,0,0,0,0,0,0,0,0,0,0,0,0,0,0,0,0,0,0,0,0,0,0,0,0,0,0,0,0,0,0,0,0,0,0,0,0,0,0,0,0,0,0,0,0,0,0,0,0,0,0,0,0,0,0,0,0,0,0,0,0,0,0,0,0,0,0,0,0,0,0,0,trois
0,0,0,0,0,0,0,0,0,0,0,0,0,0,0,0,0,0,0,0,0,0,0,0,0,0,0,0,0,0,0,0,0,0,0,0,0,0,0,0,0,0,0,0,0,0,0,0,0,0,0,0,0,0,0,0,0,0,0,0,0,0,0,0,0,0,0,0,0,0,0,0,0,0,0,0,0,0,0,0,0,0,0,0,0,0,0,0,0,0,0,0,0,0,0,0,0,0,0,0,0,0,0,0,0,0,0,0,0,0,0,0,0,0,0,0,0,0,0,0,0,0,0,0,0,0,0,0,0,0,0,0,0,0,0,0,0,0,0,0,0,0,0,0,0,0,0,0,0,0,53,164,217,255,212,123,0,0,0,0,0,0,0,0,0,0,0,0,0,0,0,0,0,0,0,0,67,218,250,254,254,254,254,253,174,0,0,0,0,0,0,0,0,0,0,0,0,0,0,0,0,0,0,81,239,252,174,53,95,26,86,254,249,0,0,0,0,0,0,0,0,0,0,0,0,0,0,0,0,0,0,188,230,62,0,0,0,0,32,254,249,0,0,0,0,0,0,0,0,0,0,0,0,0,0,0,0,0,0,39,80,0,0,0,0,0,32,254,249,0,0,0,0,0,0,0,0,0,0,0,0,0,0,0,0,0,0,0,0,0,0,0,0,0,101,254,214,0,0,0,0,0,0,0,0,0,0,0,0,0,0,0,0,0,0,0,0,0,0,0,0,31,240,248,76,0,0,0,0,0,0,0,0,0,0,0,0,0,0,0,0,0,0,0,0,0,0,0,37,208,254,179,0,0,0,0,0,0,0,0,0,0,0,0,0,0,0,0,0,0,0,0,0,0,0,115,235,254,243,89,58,0,0,0,0,0,0,0,0,0,0,0,0,0,0,0,0,0,0,0,0,0,75,253,254,254,254,254,253,223,114,4,0,0,0,0,0,0,0,0,0,0,0,0,0,0,0,0,0,0,45,221,222,207,175,222,223,254,254,144,5,0,0,0,0,0,0,0,0,0,0,0,0,0,0,0,0,0,0,0,0,0,0,0,2,86,244,254,42,0,0,0,0,0,0,0,0,0,0,0,0,0,0,0,0,0,0,0,0,0,0,0,0,0,92,254,125,0,0,0,0,0,0,0,0,0,0,0,0,0,0,0,0,0,0,0,0,0,0,0,0,0,23,239,125,0,0,0,0,0,0,0,0,0,0,0,0,0,0,0,0,0,0,0,0,0,0,0,0,0,18,238,125,0,0,0,0,0,0,0,0,0,0,0,0,0,0,0,0,0,0,0,0,0,0,0,0,0,199,254,74,0,0,0,0,0,0,0,0,0,0,0,0,0,0,0,0,0,0,65,69,0,0,0,1,128,252,245,30,0,0,0,0,0,0,0,0,0,0,0,0,0,0,0,0,0,0,241,243,190,117,123,206,254,247,54,0,0,0,0,0,0,0,0,0,0,0,0,0,0,0,0,0,0,0,65,237,254,254,254,254,249,83,0,0,0,0,0,0,0,0,0,0,0,0,0,0,0,0,0,0,0,0,0,18,123,196,164,163,52,0,0,0,0,0,0,0,0,0,0,0,0,0,0,0,0,0,0,0,0,0,0,0,0,0,0,0,0,0,0,0,0,0,0,0,0,0,0,0,0,0,0,0,0,0,0,0,0,0,0,0,0,0,0,0,0,0,0,0,0,0,0,0,0,0,0,0,0,0,0,0,0,0,0,0,0,0,0,0,0,0,0,0,0,0,0,0,0,0,0,0,0,0,0,trois
0,0,0,0,0,0,0,0,0,0,0,0,0,0,0,0,0,0,0,0,0,0,0,0,0,0,0,0,0,0,0,0,0,0,0,0,0,0,0,0,0,0,0,0,0,0,0,0,0,0,0,0,0,0,0,0,0,0,0,0,0,0,0,0,0,0,0,0,0,0,0,0,0,0,0,0,0,0,0,0,0,0,0,0,0,0,0,0,0,0,0,0,0,0,0,0,0,0,0,0,0,0,0,0,0,0,0,0,0,0,0,0,0,0,0,0,0,0,0,0,0,0,0,0,0,0,0,0,17,79,150,255,224,29,0,0,0,0,0,0,0,0,0,0,0,0,0,0,0,0,0,0,0,9,36,135,244,253,253,253,244,45,0,0,0,0,0,0,0,0,0,0,0,0,0,0,0,0,0,5,73,191,253,253,253,253,247,200,94,0,0,0,0,0,0,0,0,0,0,0,0,0,0,0,0,0,0,57,253,253,253,253,222,177,57,0,0,0,0,0,0,0,0,0,0,0,0,0,0,0,0,0,0,0,102,233,253,253,226,121,26,0,0,0,0,0,0,0,0,0,0,0,0,0,0,0,0,0,0,0,0,0,125,253,253,145,20,0,0,0,0,0,0,0,0,0,0,0,0,0,0,0,0,0,0,0,0,0,0,0,9,196,253,251,207,81,1,0,0,0,0,0,0,0,0,0,0,0,0,0,0,0,0,0,0,0,0,0,0,22,233,253,253,253,100,12,0,0,0,0,0,0,0,0,0,0,0,0,0,0,0,0,0,0,0,0,0,0,16,176,244,253,253,144,18,0,0,0,0,0,0,0,0,0,0,0,0,0,0,0,0,0,0,0,0,0,0,0,113,253,253,253,195,21,0,0,0,0,0,0,0,0,0,0,0,0,0,0,0,0,0,0,0,0,0,0,18,59,200,253,253,215,54,0,0,0,0,0,0,0,0,0,0,0,0,0,0,0,0,0,0,0,0,0,0,0,18,205,253,253,194,20,0,0,0,0,0,0,0,0,0,0,0,0,0,85,209,231,231,102,0,0,0,0,0,18,206,253,253,105,0,0,0,0,0,0,0,0,0,0,0,0,168,252,253,248,183,55,0,0,0,0,0,0,32,253,253,170,0,0,0,0,0,0,0,0,0,0,0,0,171,253,253,209,21,0,0,0,0,0,0,0,44,253,253,170,0,0,0,0,0,0,0,0,0,0,0,0,85,241,253,253,152,21,0,0,0,0,0,30,217,253,241,84,0,0,0,0,0,0,0,0,0,0,0,0,0,86,241,253,253,203,66,20,20,66,66,217,253,253,103,0,0,0,0,0,0,0,0,0,0,0,0,0,0,0,85,244,253,253,253,217,217,253,253,253,244,94,15,0,0,0,0,0,0,0,0,0,0,0,0,0,0,0,0,31,95,253,253,253,253,253,253,201,80,0,0,0,0,0,0,0,0,0,0,0,0,0,0,0,0,0,0,0,1,28,135,218,217,135,28,9,0,0,0,0,0,0,0,0,0,0,0,0,0,0,0,0,0,0,0,0,0,0,0,0,0,0,0,0,0,0,0,0,0,0,0,0,0,0,0,0,0,0,0,0,0,0,0,0,0,0,0,0,0,0,0,0,0,0,0,0,0,0,0,0,0,0,0,0,0,0,0,0,0,0,0,0,0,0,0,0,0,0,0,0,0,0,0,0,0,0,0,0,0,0,0,0,0,0,0,0,0,0,0,0,0,0,0,0,0,0,0,0,0,0,0,0,0,0,0,0,0,0,cinq
0,0,0,0,0,0,0,0,0,0,0,0,0,0,0,0,0,0,0,0,0,0,0,0,0,0,0,0,0,0,0,0,0,0,0,0,0,0,0,0,0,0,0,0,0,0,0,0,0,0,0,0,0,0,0,0,0,0,0,0,0,0,0,0,0,0,0,0,0,0,0,0,0,0,0,0,0,0,0,0,0,0,0,0,0,0,0,0,0,0,0,0,0,0,0,0,0,0,0,0,0,0,0,0,0,0,0,0,0,0,0,0,0,0,0,0,0,0,0,0,0,0,0,0,0,0,0,0,0,0,0,0,0,0,0,0,0,0,0,0,0,0,0,0,0,0,0,0,0,0,0,0,0,0,0,0,0,0,0,0,0,0,0,0,0,0,0,0,0,0,0,0,0,0,0,0,0,0,0,0,0,0,0,0,0,0,0,0,0,0,0,0,0,0,0,0,0,0,0,0,0,0,0,0,0,0,0,0,0,0,0,0,0,0,0,0,0,47,65,101,164,126,0,0,0,0,0,0,0,0,0,0,0,0,0,0,0,0,0,0,0,13,66,147,219,244,253,253,253,246,0,0,0,0,0,0,0,0,0,0,0,0,0,0,0,0,58,173,174,224,253,253,253,253,184,143,79,48,0,0,0,0,0,0,0,0,0,0,0,0,0,4,103,185,248,253,241,223,218,124,36,24,2,0,0,0,0,0,0,0,0,0,0,0,0,4,149,137,27,30,253,240,168,71,41,0,0,0,0,0,0,0,0,0,0,0,0,0,0,0,0,0,0,11,253,253,157,14,114,18,0,0,0,0,0,0,0,0,0,0,0,0,0,0,0,0,0,0,0,0,0,11,253,253,144,84,0,0,0,0,0,0,0,0,0,0,0,0,0,0,0,0,0,0,0,0,0,0,0,5,168,247,253,253,216,95,12,0,0,0,0,0,0,0,0,0,0,0,0,0,0,0,0,0,0,0,0,0,0,98,248,249,253,253,216,47,0,0,0,0,0,0,0,0,0,0,0,0,0,0,0,0,0,0,0,0,0,0,0,12,128,227,253,235,55,0,0,0,0,0,0,0,0,0,0,0,0,0,0,0,0,0,31,66,0,0,0,0,0,22,204,253,148,0,0,0,0,0,0,0,0,0,0,0,0,0,0,0,0,0,221,143,0,0,0,0,0,55,234,253,83,0,0,0,0,0,0,0,0,0,0,0,0,0,0,0,0,0,254,194,26,26,18,23,98,235,253,160,6,0,0,0,0,0,0,0,0,0,0,0,0,0,0,0,0,0,152,253,253,253,232,247,253,253,192,32,0,0,0,0,0,0,0,0,0,0,0,0,0,0,0,0,0,0,5,106,241,253,253,236,218,109,5,0,0,0,0,0,0,0,0,0,0,0,0,0,0,0,0,0,0,0,0,0,42,64,64,32,0,0,0,0,0,0,0,0,0,0,0,0,0,0,0,0,0,0,0,0,0,0,0,0,0,0,0,0,0,0,0,0,0,0,0,0,0,0,0,0,0,0,0,0,0,0,0,0,0,0,0,0,0,0,0,0,0,0,0,0,0,0,0,0,0,0,0,0,0,0,0,0,0,0,0,0,0,0,0,0,0,0,0,0,0,0,0,0,0,0,0,0,0,0,0,0,0,0,0,0,0,0,0,0,0,0,0,0,0,0,0,0,0,0,0,0,0,0,0,0,0,0,0,0,0,0,0,0,0,0,0,0,0,0,0,0,0,0,0,0,0,0,0,0,0,0,0,0,0,0,0,0,0,0,0,0,cinq
0,0,0,0,0,0,0,0,0,0,0,0,0,0,0,0,0,0,0,0,0,0,0,0,0,0,0,0,0,0,0,0,0,0,0,0,0,0,0,0,0,0,0,0,0,0,0,0,0,0,0,0,0,0,0,0,0,0,0,0,0,0,0,0,0,0,0,0,0,0,0,0,0,0,0,0,0,0,0,0,0,0,0,0,0,0,0,0,0,0,0,0,0,0,0,0,0,0,0,0,0,0,0,0,0,0,0,0,0,0,0,0,0,0,0,0,0,0,0,0,0,0,0,0,0,0,0,0,0,0,0,0,0,0,0,0,0,0,0,0,0,0,0,0,0,0,0,0,0,101,144,253,253,255,253,253,253,253,255,128,25,0,0,0,0,0,0,0,0,0,0,0,0,0,57,163,226,249,252,252,252,253,252,252,252,252,253,252,103,0,0,0,0,0,0,0,0,0,0,0,19,166,234,252,253,252,252,214,195,196,70,133,71,227,253,252,195,0,0,0,0,0,0,0,0,0,0,0,76,246,252,252,225,99,84,28,0,0,0,0,0,140,253,252,195,0,0,0,0,0,0,0,0,0,0,0,0,88,112,112,0,0,0,0,0,0,0,0,95,203,253,252,195,0,0,0,0,0,0,0,0,0,0,0,0,0,0,0,0,0,0,0,0,0,0,120,253,253,255,215,31,0,0,0,0,0,0,0,0,0,0,0,0,0,0,0,0,0,0,0,0,38,210,246,252,252,215,33,0,0,0,0,0,0,0,0,0,0,0,0,0,0,0,0,0,0,0,0,32,222,252,252,252,173,31,0,0,0,0,0,0,0,0,0,0,0,0,0,0,0,0,0,0,26,60,169,215,253,252,252,252,252,169,34,0,0,0,0,0,0,0,0,0,0,0,0,0,0,0,0,63,240,252,252,252,253,252,252,252,252,253,214,31,0,0,0,0,0,0,0,0,0,0,0,0,0,0,0,255,253,253,253,190,141,94,0,0,141,255,253,56,0,0,0,0,0,0,0,0,0,0,0,0,0,0,0,90,167,167,74,12,0,0,0,0,94,253,252,180,0,0,0,0,0,0,0,0,0,0,0,0,0,0,0,0,0,0,0,0,0,0,0,0,0,253,252,195,0,0,0,0,0,0,0,0,0,0,0,0,0,0,0,0,0,0,0,0,0,0,0,0,0,253,252,195,0,0,0,0,0,0,0,0,0,0,0,0,0,0,0,0,0,0,0,0,0,0,0,0,79,253,252,195,0,0,0,0,0,0,0,0,0,0,0,0,0,0,0,0,0,0,0,0,0,0,0,0,141,255,253,196,0,0,0,0,0,0,0,0,0,0,0,0,0,0,48,85,9,0,0,0,0,0,67,178,240,253,223,52,0,0,0,0,0,0,0,0,0,0,0,0,0,0,140,253,203,165,57,135,198,197,240,252,252,228,52,0,0,0,0,0,0,0,0,0,0,0,0,0,0,0,47,237,252,252,252,252,253,252,252,249,145,47,0,0,0,0,0,0,0,0,0,0,0,0,0,0,0,0,0,50,237,252,252,252,253,252,220,99,0,0,0,0,0,0,0,0,0,0,0,0,0,0,0,0,0,0,0,0,0,0,0,0,0,0,0,0,0,0,0,0,0,0,0,0,0,0,0,0,0,0,0,0,0,0,0,0,0,0,0,0,0,0,0,0,0,0,0,0,0,0,0,0,0,0,0,0,0,0,0,0,0,0,0,0,0,0,0,0,0,0,0,0,0,0,0,0,0,0,0,0,0,0,0,trois
0,0,0,0,0,0,0,0,0,0,0,0,0,0,0,0,0,0,0,0,0,0,0,0,0,0,0,0,0,0,0,0,0,0,0,0,0,0,0,0,0,0,0,0,0,0,0,0,0,0,0,0,0,0,0,0,0,0,0,0,0,0,0,0,0,0,0,0,0,0,0,0,0,0,0,0,0,0,0,0,0,0,0,0,0,0,0,0,0,0,0,0,0,0,0,0,0,0,0,0,0,0,0,0,0,0,0,0,0,0,0,0,0,0,0,0,0,0,0,0,0,0,0,0,0,0,77,118,184,254,255,146,35,0,0,0,0,0,0,0,0,0,0,0,0,0,0,0,0,0,0,0,27,197,246,253,253,253,253,253,239,215,0,0,0,0,0,0,0,0,0,0,0,0,0,0,0,0,0,27,199,253,253,251,177,208,253,253,253,250,98,0,0,0,0,0,0,0,0,0,0,0,0,0,0,0,0,164,253,253,217,119,0,25,61,212,253,237,28,0,0,0,0,0,0,0,0,0,0,0,0,0,0,0,0,29,203,228,77,0,0,0,75,236,253,232,0,0,0,0,0,0,0,0,0,0,0,0,0,0,0,0,0,0,28,28,0,0,0,62,240,253,251,145,0,0,0,0,0,0,0,0,0,0,0,0,0,0,0,0,0,0,0,0,0,0,0,174,253,253,212,0,0,0,0,0,0,0,0,0,0,0,0,0,0,0,0,0,0,0,0,0,0,67,248,253,253,253,152,0,0,0,0,0,0,0,0,0,0,0,0,0,0,0,0,0,0,0,25,90,179,242,253,253,224,56,8,0,0,0,0,0,0,0,0,0,0,0,0,0,0,0,0,36,203,206,219,253,253,253,253,197,41,0,0,0,0,0,0,0,0,0,0,0,0,0,0,0,0,0,0,130,253,253,253,253,253,253,253,253,149,11,0,0,0,0,0,0,0,0,0,0,0,0,0,0,0,0,0,117,226,226,226,125,89,93,253,253,253,54,0,0,0,0,0,0,0,0,0,0,0,0,0,0,0,0,0,0,0,0,0,0,0,3,179,253,253,54,0,0,0,0,0,0,0,0,0,0,0,0,0,0,0,0,0,0,0,0,0,0,0,4,187,253,253,54,0,0,0,0,0,0,0,0,0,0,0,0,0,0,0,0,0,0,0,0,0,0,0,7,253,253,253,54,0,0,0,0,0,0,0,0,0,0,0,0,45,0,0,0,0,0,0,0,0,16,98,221,253,253,181,8,0,0,0,0,0,0,0,0,0,0,0,93,229,158,49,9,63,63,63,63,174,210,253,253,253,138,37,0,0,0,0,0,0,0,0,0,0,0,0,35,239,253,237,189,253,253,253,253,253,253,253,226,75,4,0,0,0,0,0,0,0,0,0,0,0,0,0,0,148,253,253,253,253,253,253,253,248,232,143,41,0,0,0,0,0,0,0,0,0,0,0,0,0,0,0,0,45,156,253,253,253,253,253,130,85,0,0,0,0,0,0,0,0,0,0,0,0,0,0,0,0,0,0,0,0,0,0,0,0,0,0,0,0,0,0,0,0,0,0,0,0,0,0,0,0,0,0,0,0,0,0,0,0,0,0,0,0,0,0,0,0,0,0,0,0,0,0,0,0,0,0,0,0,0,0,0,0,0,0,0,0,0,0,0,0,0,0,0,0,0,0,0,0,0,0,0,0,0,0,0,0,0,0,0,0,0,0,0,0,0,0,0,0,0,0,0,0,0,0,0,0,0,0,0,0,0,0,0,0,0,0,0,trois
0,0,0,0,0,0,0,0,0,0,0,0,0,0,0,0,0,0,0,0,0,0,0,0,0,0,0,0,0,0,0,0,0,0,0,0,0,0,0,0,0,0,0,0,0,0,0,0,0,0,0,0,0,0,0,0,0,0,0,0,0,0,0,0,0,0,0,0,0,0,0,0,0,0,0,0,0,0,0,0,0,0,0,0,0,0,0,0,0,0,0,0,0,0,0,0,0,0,0,0,0,0,0,0,0,0,0,0,0,0,0,0,0,0,0,0,0,0,0,0,0,0,0,0,0,0,0,0,0,0,0,0,0,0,0,0,0,0,0,0,0,0,0,0,0,0,0,0,0,0,0,0,0,0,0,0,0,0,0,0,0,0,0,0,0,0,0,0,0,0,0,0,0,0,0,0,0,0,0,0,0,0,0,0,0,0,0,0,0,0,0,0,0,0,0,0,0,0,0,0,0,0,0,0,0,0,0,0,0,0,0,0,0,0,0,0,0,25,49,123,105,0,0,0,0,0,0,0,0,0,0,0,0,0,0,0,0,0,0,0,0,19,90,174,223,238,254,254,120,0,0,0,0,0,0,0,0,0,0,0,0,0,0,0,0,32,176,166,149,241,254,254,254,195,137,53,1,0,0,0,0,0,0,0,0,0,0,0,0,0,0,0,38,230,254,254,253,226,169,137,79,2,0,0,0,0,0,0,0,0,0,0,0,0,0,0,0,0,0,0,124,254,239,115,57,0,0,0,0,0,0,0,0,0,0,0,0,0,0,0,0,0,0,0,0,0,0,1,140,254,170,0,0,0,0,0,0,0,0,0,0,0,0,0,0,0,0,0,0,0,0,0,0,0,12,199,255,194,94,20,0,0,0,0,0,0,0,0,0,0,0,0,0,0,0,0,0,0,0,0,0,0,90,254,254,254,254,191,41,0,0,0,0,0,0,0,0,0,0,0,0,0,0,0,0,0,0,0,0,0,40,108,28,28,162,254,28,0,0,0,0,0,0,0,0,0,0,0,0,0,0,0,0,0,0,0,0,0,0,0,0,34,213,239,20,0,0,0,0,0,0,0,0,0,0,0,0,0,0,0,0,11,230,56,0,0,0,0,4,115,254,173,0,0,0,0,0,0,0,0,0,0,0,0,0,0,0,0,0,209,187,37,88,172,182,182,210,254,135,35,0,0,0,0,0,0,0,0,0,0,0,0,0,0,0,0,0,183,254,254,254,254,254,254,232,127,13,0,0,0,0,0,0,0,0,0,0,0,0,0,0,0,0,0,0,22,129,129,129,110,72,102,15,0,0,0,0,0,0,0,0,0,0,0,0,0,0,0,0,0,0,0,0,0,0,0,0,0,0,0,0,0,0,0,0,0,0,0,0,0,0,0,0,0,0,0,0,0,0,0,0,0,0,0,0,0,0,0,0,0,0,0,0,0,0,0,0,0,0,0,0,0,0,0,0,0,0,0,0,0,0,0,0,0,0,0,0,0,0,0,0,0,0,0,0,0,0,0,0,0,0,0,0,0,0,0,0,0,0,0,0,0,0,0,0,0,0,0,0,0,0,0,0,0,0,0,0,0,0,0,0,0,0,0,0,0,0,0,0,0,0,0,0,0,0,0,0,0,0,0,0,0,0,0,0,0,0,0,0,0,0,0,0,0,0,0,0,0,0,0,0,0,0,0,0,0,0,0,0,0,0,0,0,0,0,0,0,0,0,0,0,0,0,0,0,0,0,0,0,0,0,0,0,0,0,0,0,0,0,0,0,0,0,0,cinq
0,0,0,0,0,0,0,0,0,0,0,0,0,0,0,0,0,0,0,0,0,0,0,0,0,0,0,0,0,0,0,0,0,0,0,0,0,0,0,0,0,0,0,0,0,0,0,0,0,0,0,0,0,0,0,0,0,0,0,0,0,0,0,0,0,0,0,0,0,0,0,0,0,0,0,0,0,0,0,0,0,0,0,0,0,0,0,0,0,0,0,0,0,0,0,0,0,0,0,0,0,0,0,0,0,0,0,0,0,0,0,0,0,0,0,0,0,0,0,0,0,0,0,0,0,0,0,0,0,0,0,0,0,0,0,0,0,0,0,0,0,0,0,0,0,0,0,0,0,0,0,0,0,0,0,0,0,0,0,0,0,0,0,0,0,0,0,0,0,0,0,0,0,0,0,0,0,0,0,0,0,0,0,0,0,0,0,0,0,0,0,0,0,0,0,0,0,0,0,0,0,0,0,0,0,0,0,0,0,0,0,0,0,0,0,0,32,135,165,165,147,40,0,0,0,0,0,0,0,0,0,0,0,0,0,0,0,27,121,58,0,13,111,219,236,253,254,254,254,240,0,0,0,0,0,0,0,0,0,0,0,0,0,0,0,208,254,179,117,224,253,253,254,253,184,143,79,79,0,0,0,0,0,0,0,0,0,0,0,0,0,0,0,161,254,253,253,254,222,124,115,24,2,0,0,0,0,0,0,0,0,0,0,0,0,0,0,0,0,11,157,250,254,203,167,69,11,0,0,0,0,0,0,0,0,0,0,0,0,0,0,0,0,0,0,0,0,62,253,253,185,8,0,0,0,0,0,0,0,0,0,0,0,0,0,0,0,0,0,0,0,0,0,0,95,248,254,223,14,0,0,0,0,0,0,0,0,0,0,0,0,0,0,0,0,0,0,0,0,0,0,0,175,253,253,253,250,230,147,0,0,0,0,0,0,0,0,0,0,0,0,0,0,0,0,0,0,0,0,0,64,200,248,248,252,253,249,2,0,0,0,0,0,0,0,0,0,0,0,0,0,0,0,0,0,132,80,0,0,0,0,0,73,227,254,131,10,0,0,0,0,0,0,0,0,0,0,0,0,0,0,0,37,229,183,0,0,0,0,0,0,111,253,250,37,0,0,0,0,0,0,0,0,0,0,0,0,0,0,0,255,253,89,0,0,0,0,0,0,149,253,193,0,0,0,0,0,0,0,0,0,0,0,0,0,0,0,0,176,254,235,130,26,26,26,26,63,201,254,241,31,0,0,0,0,0,0,0,0,0,0,0,0,0,0,0,135,240,253,253,253,253,253,253,253,253,252,94,0,0,0,0,0,0,0,0,0,0,0,0,0,0,0,0,0,20,144,249,254,254,254,254,240,199,78,0,0,0,0,0,0,0,0,0,0,0,0,0,0,0,0,0,0,0,0,56,64,64,64,64,41,0,0,0,0,0,0,0,0,0,0,0,0,0,0,0,0,0,0,0,0,0,0,0,0,0,0,0,0,0,0,0,0,0,0,0,0,0,0,0,0,0,0,0,0,0,0,0,0,0,0,0,0,0,0,0,0,0,0,0,0,0,0,0,0,0,0,0,0,0,0,0,0,0,0,0,0,0,0,0,0,0,0,0,0,0,0,0,0,0,0,0,0,0,0,0,0,0,0,0,0,0,0,0,0,0,0,0,0,0,0,0,0,0,0,0,0,0,0,0,0,0,0,0,0,0,0,0,0,0,0,0,0,0,0,0,0,0,0,0,0,0,0,0,0,0,0,0,0,0,0,0,0,0,cinq
0,0,0,0,0,0,0,0,0,0,0,0,0,0,0,0,0,0,0,0,0,0,0,0,0,0,0,0,0,0,0,0,0,0,0,0,0,0,0,0,0,0,0,0,0,0,0,0,0,0,0,0,0,0,0,0,0,0,0,0,0,0,0,0,0,0,0,0,0,0,0,0,0,0,0,0,0,0,0,0,0,0,0,0,0,0,0,0,0,0,0,0,0,0,0,0,0,0,0,0,0,0,0,0,0,0,0,0,0,0,0,0,0,0,0,0,0,0,0,0,0,0,0,0,0,0,0,0,0,0,0,0,0,0,0,0,0,0,0,0,0,0,0,0,0,0,0,0,0,0,0,0,0,0,0,26,125,125,109,0,0,0,0,0,0,0,0,0,0,0,0,0,0,0,0,0,0,0,101,118,154,248,248,249,253,253,253,248,248,174,115,0,0,0,0,0,0,0,0,0,0,0,0,0,43,158,251,253,253,253,253,253,253,253,253,253,253,253,253,174,0,0,0,0,0,0,0,0,0,0,46,225,242,253,253,253,253,253,253,178,149,149,149,149,211,253,253,253,0,0,0,0,0,0,0,0,0,0,69,246,203,167,155,116,25,25,25,7,0,0,0,0,33,253,253,203,0,0,0,0,0,0,0,0,0,0,0,30,16,4,0,0,0,0,0,0,0,0,0,71,224,253,253,123,0,0,0,0,0,0,0,0,0,0,0,0,0,0,0,0,0,0,0,0,0,78,215,239,253,253,251,82,0,0,0,0,0,0,0,0,0,0,0,0,0,0,0,0,0,0,59,106,209,239,253,253,247,168,44,0,0,0,0,0,0,0,0,0,0,0,0,0,0,0,62,113,202,202,240,253,253,253,253,195,48,0,0,0,0,0,0,0,0,0,0,0,0,0,0,0,0,71,245,253,253,253,253,253,253,253,253,97,0,0,0,0,0,0,0,0,0,0,0,0,0,0,0,0,0,92,253,253,253,208,194,128,128,234,253,194,0,0,0,0,0,0,0,0,0,0,0,0,0,0,0,0,0,26,71,71,71,17,0,0,0,76,253,232,22,0,0,0,0,0,0,0,0,0,0,0,0,0,0,0,0,0,0,0,0,0,0,0,0,40,253,253,104,0,0,0,0,0,0,0,0,0,0,0,0,19,23,0,0,0,0,0,0,0,0,0,0,40,253,253,104,0,0,0,0,0,0,0,0,0,0,0,33,202,199,10,0,0,0,0,0,0,0,0,6,134,253,253,104,0,0,0,0,0,0,0,0,0,0,0,255,253,211,36,3,0,0,0,0,0,20,27,134,253,253,224,40,0,0,0,0,0,0,0,0,0,0,0,244,253,253,253,160,150,150,150,150,150,227,253,253,250,234,90,0,0,0,0,0,0,0,0,0,0,0,0,54,170,253,253,253,253,253,253,253,253,253,250,149,93,0,0,0,0,0,0,0,0,0,0,0,0,0,0,0,0,111,237,247,247,247,247,247,247,216,93,0,0,0,0,0,0,0,0,0,0,0,0,0,0,0,0,0,0,0,0,0,0,0,0,0,0,0,0,0,0,0,0,0,0,0,0,0,0,0,0,0,0,0,0,0,0,0,0,0,0,0,0,0,0,0,0,0,0,0,0,0,0,0,0,0,0,0,0,0,0,0,0,0,0,0,0,0,0,0,0,0,0,0,0,0,0,0,0,0,0,0,0,0,0,0,0,0,0,0,0,0,0,0,0,0,0,0,0,0,0,0,0,0,0,0,0,0,0,0,0,0,0,0,0,trois
0,0,0,0,0,0,0,0,0,0,0,0,0,0,0,0,0,0,0,0,0,0,0,0,0,0,0,0,0,0,0,0,0,0,0,0,0,0,0,0,0,0,0,0,0,0,0,0,0,0,0,0,0,0,0,0,0,0,0,0,0,0,0,0,0,0,0,0,0,0,0,0,0,0,0,0,0,0,0,0,0,0,0,0,0,0,0,0,0,0,0,0,0,0,0,0,0,0,0,0,0,0,0,0,0,0,0,0,0,0,0,0,0,0,0,0,0,0,0,0,0,0,0,0,0,0,0,0,0,0,0,0,0,0,0,0,0,0,0,0,0,0,0,0,0,0,0,0,0,0,0,0,0,0,0,0,0,0,0,0,0,0,0,0,0,0,0,0,0,0,0,0,0,0,0,0,0,0,0,0,47,47,129,253,255,253,232,109,110,78,0,0,0,0,0,0,0,0,0,0,0,0,0,1,73,73,94,217,233,232,252,252,253,252,252,252,253,242,196,31,0,0,0,0,0,0,0,0,0,0,0,21,252,252,252,252,253,252,252,252,253,252,252,252,253,252,252,128,0,0,0,0,0,0,0,0,0,0,21,206,252,252,252,252,253,252,252,168,108,108,108,108,253,252,252,252,0,0,0,0,0,0,0,0,0,0,21,205,205,143,123,0,0,0,0,0,0,0,0,0,47,232,252,189,0,0,0,0,0,0,0,0,0,0,0,20,20,0,0,0,0,0,0,0,0,0,53,73,233,252,252,108,0,0,0,0,0,0,0,0,0,0,0,0,0,0,0,0,0,0,0,0,16,78,232,252,253,252,205,31,0,0,0,0,0,0,0,0,0,0,0,0,0,0,0,0,0,0,21,144,191,252,252,252,253,210,31,0,0,0,0,0,0,0,0,0,0,0,0,0,0,0,0,63,255,253,253,253,255,253,253,191,84,0,0,0,0,0,0,0,0,0,0,0,0,0,0,0,0,0,0,144,253,252,252,252,253,231,76,15,0,0,0,0,0,0,0,0,0,0,0,0,0,0,0,0,0,0,0,125,217,174,71,175,253,231,51,0,0,0,0,0,0,0,0,0,0,0,0,0,0,0,0,0,0,0,0,0,0,0,0,144,253,252,71,0,0,0,0,0,0,0,0,0,0,0,0,0,0,0,0,0,0,0,0,0,0,0,16,191,255,253,72,0,0,0,0,0,0,0,0,0,0,0,0,0,0,0,0,0,0,0,0,0,0,0,37,252,253,189,10,0,0,0,0,0,0,0,0,0,0,0,0,0,79,181,51,0,0,0,0,0,0,11,150,252,253,179,0,0,0,0,0,0,0,0,0,0,0,0,0,0,191,252,71,0,0,0,0,0,0,155,252,252,253,97,0,0,0,0,0,0,0,0,0,0,0,0,0,0,255,253,253,253,109,109,109,191,255,253,253,253,84,0,0,0,0,0,0,0,0,0,0,0,0,0,0,0,128,252,252,252,252,252,252,252,253,231,158,35,0,0,0,0,0,0,0,0,0,0,0,0,0,0,0,0,31,71,175,215,215,226,252,231,217,71,0,0,0,0,0,0,0,0,0,0,0,0,0,0,0,0,0,0,0,0,0,0,0,31,108,46,0,0,0,0,0,0,0,0,0,0,0,0,0,0,0,0,0,0,0,0,0,0,0,0,0,0,0,0,0,0,0,0,0,0,0,0,0,0,0,0,0,0,0,0,0,0,0,0,0,0,0,0,0,0,0,0,0,0,0,0,0,0,0,0,0,0,0,0,0,0,0,0,trois
0,0,0,0,0,0,0,0,0,0,0,0,0,0,0,0,0,0,0,0,0,0,0,0,0,0,0,0,0,0,0,0,0,0,0,0,0,0,0,0,0,0,0,0,0,0,0,0,0,0,0,0,0,0,0,0,0,0,0,0,0,0,0,0,0,0,0,0,0,0,0,0,0,0,0,0,0,0,0,0,0,0,0,0,0,0,0,0,0,0,0,0,0,0,0,0,0,0,0,0,0,0,0,0,0,0,0,0,0,0,0,0,0,0,0,0,0,0,0,0,0,0,0,16,191,192,109,31,0,0,0,0,0,0,0,0,0,0,0,0,0,0,0,0,0,0,0,0,0,0,21,181,252,253,252,227,217,156,52,0,0,0,0,0,0,0,0,0,0,0,0,0,0,0,0,0,0,16,181,252,252,253,252,252,252,253,231,51,0,0,0,0,0,0,0,0,0,0,0,0,0,0,0,0,1,191,252,252,252,108,232,252,252,253,252,154,0,0,0,0,0,0,0,0,0,0,0,0,0,0,0,16,191,252,252,236,62,0,0,0,0,0,42,41,0,0,0,0,0,0,0,0,0,0,0,0,0,0,0,37,252,252,252,247,134,73,10,0,0,0,0,0,0,0,0,0,0,0,0,0,0,0,0,0,0,0,0,11,71,215,247,252,252,253,190,72,0,0,0,0,0,0,0,0,0,0,0,0,0,0,0,0,0,0,0,0,0,0,93,108,190,253,252,236,144,84,0,0,0,0,0,0,0,0,0,0,0,0,0,0,0,0,0,0,0,0,0,0,0,63,176,253,253,192,78,0,0,0,0,0,0,0,0,0,0,0,0,0,0,0,0,0,0,0,0,0,0,0,10,56,179,253,242,114,31,0,0,0,0,0,0,0,0,0,0,0,0,0,0,0,0,0,0,0,0,0,0,0,0,149,252,252,211,0,0,0,0,0,0,0,0,0,0,0,0,0,0,0,0,0,0,0,0,0,0,0,0,47,148,252,252,0,0,0,0,0,0,0,0,0,0,0,0,0,0,0,0,0,0,0,0,0,0,0,0,0,42,222,253,0,0,0,0,0,0,0,0,0,0,0,0,0,0,0,0,0,0,0,0,0,0,0,0,0,21,201,252,125,0,0,0,0,0,0,0,0,0,0,0,0,0,0,1,99,46,0,0,0,0,0,0,16,181,252,252,144,0,0,0,0,0,0,0,0,0,0,0,0,0,0,1,252,179,0,0,0,0,0,0,191,252,252,252,144,0,0,0,0,0,0,0,0,0,0,0,0,0,0,1,253,253,72,0,0,0,79,191,255,253,253,191,0,0,0,0,0,0,0,0,0,0,0,0,0,0,0,1,210,252,227,217,73,197,242,252,253,252,179,15,0,0,0,0,0,0,0,0,0,0,0,0,0,0,0,0,31,206,252,252,253,252,252,252,217,91,20,0,0,0,0,0,0,0,0,0,0,0,0,0,0,0,0,0,0,31,211,252,253,252,252,168,0,0,0,0,0,0,0,0,0,0,0,0,0,0,0,0,0,0,0,0,0,0,0,0,0,0,0,0,0,0,0,0,0,0,0,0,0,0,0,0,0,0,0,0,0,0,0,0,0,0,0,0,0,0,0,0,0,0,0,0,0,0,0,0,0,0,0,0,0,0,0,0,0,0,0,0,0,0,0,0,0,0,0,0,0,0,0,0,0,0,0,0,0,0,0,0,0,0,0,0,0,0,0,0,0,0,0,0,0,0,0,0,0,0,0,0,0,0,0,0,0,0,0,cinq
0,0,0,0,0,0,0,0,0,0,0,0,0,0,0,0,0,0,0,0,0,0,0,0,0,0,0,0,0,0,0,0,0,0,0,0,0,0,0,0,0,0,0,0,0,0,0,0,0,0,0,0,0,0,0,0,0,0,0,0,0,0,0,0,0,0,0,0,0,0,0,0,0,0,0,0,0,0,0,0,0,0,0,0,0,0,0,0,0,0,0,0,0,0,0,0,0,0,0,0,0,0,0,0,0,0,0,0,0,0,0,0,0,0,0,0,0,0,0,0,0,0,0,0,0,0,0,0,0,0,0,0,0,0,0,0,0,0,0,0,0,0,0,0,0,0,0,0,0,0,0,0,0,0,0,0,0,0,0,0,0,0,0,0,0,0,0,0,0,0,0,0,0,0,0,0,0,0,0,0,0,0,0,0,0,0,0,0,0,0,0,0,0,0,0,0,0,0,0,0,0,0,0,0,0,0,0,0,0,0,0,0,0,0,0,0,0,0,34,37,37,37,0,0,0,0,0,0,0,0,0,0,0,0,0,0,0,0,0,0,0,0,29,116,199,200,249,253,253,220,0,0,0,0,0,0,0,0,0,0,0,0,0,0,0,0,0,0,27,175,243,253,253,254,253,253,214,129,0,0,0,0,0,0,0,0,0,0,0,0,0,0,42,150,61,149,255,254,217,104,33,92,7,0,0,0,0,0,0,0,0,0,0,0,0,0,0,0,0,62,207,245,114,110,83,18,9,0,0,0,0,0,0,0,0,0,0,0,0,0,0,0,0,0,0,3,102,208,245,121,0,0,0,0,0,0,0,0,0,0,0,0,0,0,0,0,0,0,0,0,0,0,0,97,253,254,89,0,0,0,0,0,0,0,0,0,0,0,0,0,0,0,0,0,0,0,0,0,0,0,0,199,253,136,5,0,0,0,0,0,0,0,0,0,0,0,0,0,0,0,0,0,0,0,0,0,0,0,14,161,254,255,234,163,120,0,0,0,0,0,0,0,0,0,0,0,0,0,0,0,0,0,0,0,0,0,20,47,108,134,210,253,251,203,105,0,0,0,0,0,0,0,0,0,0,0,0,0,0,0,0,0,0,93,89,0,0,0,8,36,107,204,217,9,0,0,0,0,0,0,0,0,0,0,0,0,0,0,0,0,97,180,27,0,0,0,0,0,21,218,126,4,0,0,0,0,0,0,0,0,0,0,0,0,0,0,0,0,195,173,0,0,0,0,53,91,193,253,59,0,0,0,0,0,0,0,0,0,0,0,0,0,0,0,0,0,196,254,176,169,254,255,254,254,248,117,0,0,0,0,0,0,0,0,0,0,0,0,0,0,0,0,0,0,12,153,245,253,253,238,198,121,68,0,0,0,0,0,0,0,0,0,0,0,0,0,0,0,0,0,0,0,0,0,31,36,36,26,0,0,0,0,0,0,0,0,0,0,0,0,0,0,0,0,0,0,0,0,0,0,0,0,0,0,0,0,0,0,0,0,0,0,0,0,0,0,0,0,0,0,0,0,0,0,0,0,0,0,0,0,0,0,0,0,0,0,0,0,0,0,0,0,0,0,0,0,0,0,0,0,0,0,0,0,0,0,0,0,0,0,0,0,0,0,0,0,0,0,0,0,0,0,0,0,0,0,0,0,0,0,0,0,0,0,0,0,0,0,0,0,0,0,0,0,0,0,0,0,0,0,0,0,0,0,0,0,0,0,0,0,0,0,0,0,0,0,0,0,0,0,0,0,0,0,0,0,0,0,0,0,0,0,0,0,cinq
0,0,0,0,0,0,0,0,0,0,0,0,0,0,0,0,0,0,0,0,0,0,0,0,0,0,0,0,0,0,0,0,0,0,0,0,0,0,0,0,0,0,0,0,0,0,0,0,0,0,0,0,0,0,0,0,0,0,0,0,0,0,0,0,0,0,0,0,0,0,0,0,0,0,0,0,0,0,0,0,0,0,0,0,0,0,0,0,0,0,0,0,0,0,0,0,0,0,0,0,0,0,0,0,0,0,0,0,0,0,0,0,0,0,0,0,0,0,0,0,0,101,222,159,113,114,12,0,0,0,0,0,0,0,0,0,0,0,0,0,0,0,0,0,0,0,57,163,226,249,252,252,252,253,228,97,0,0,0,0,0,0,0,0,0,0,0,0,0,0,0,0,0,76,234,252,253,252,252,220,252,253,252,239,66,0,0,0,0,0,0,0,0,0,0,0,0,0,0,0,0,197,252,252,225,99,84,37,84,146,249,252,180,13,0,0,0,0,0,0,0,0,0,0,0,0,0,0,48,227,252,173,0,0,0,0,0,0,225,252,252,112,0,0,0,0,0,0,0,0,0,0,0,0,0,0,86,228,47,0,0,0,0,0,0,0,163,253,253,112,0,0,0,0,0,0,0,0,0,0,0,0,0,0,9,21,0,0,0,0,0,0,0,0,85,252,252,112,0,0,0,0,0,0,0,0,0,0,0,0,0,0,0,0,0,0,0,0,0,0,0,0,85,252,252,189,0,0,0,0,0,0,0,0,0,0,0,0,0,0,0,0,0,0,0,0,0,0,0,13,104,252,252,112,0,0,0,0,0,0,0,0,0,0,0,0,0,0,0,0,0,0,0,0,0,0,79,191,252,252,252,112,0,0,0,0,0,0,0,0,0,0,0,0,0,0,0,0,0,0,0,0,0,29,253,255,253,253,253,253,63,0,0,0,0,0,0,0,0,0,0,0,0,0,0,0,0,0,0,0,0,3,152,253,252,252,252,252,241,24,0,0,0,0,0,0,0,0,0,0,0,0,0,0,0,0,0,0,0,0,31,56,55,55,155,252,253,59,0,0,0,0,0,0,0,0,0,0,0,0,0,0,0,0,0,0,0,0,0,0,0,0,10,177,253,224,53,0,0,0,0,0,0,0,0,0,0,0,0,0,0,0,0,48,140,126,0,0,0,0,0,63,253,252,195,0,0,0,0,0,0,0,0,0,0,0,0,0,0,0,0,226,253,84,0,0,0,0,0,0,192,253,196,0,0,0,0,0,0,0,0,0,0,0,0,0,0,0,0,225,252,234,146,85,57,0,0,48,159,252,195,0,0,0,0,0,0,0,0,0,0,0,0,0,0,0,0,97,208,252,252,253,233,197,197,227,253,252,195,0,0,0,0,0,0,0,0,0,0,0,0,0,0,0,0,0,19,99,223,237,252,252,252,252,253,226,96,0,0,0,0,0,0,0,0,0,0,0,0,0,0,0,0,0,0,0,0,50,237,252,252,252,190,12,0,0,0,0,0,0,0,0,0,0,0,0,0,0,0,0,0,0,0,0,0,0,0,0,0,0,0,0,0,0,0,0,0,0,0,0,0,0,0,0,0,0,0,0,0,0,0,0,0,0,0,0,0,0,0,0,0,0,0,0,0,0,0,0,0,0,0,0,0,0,0,0,0,0,0,0,0,0,0,0,0,0,0,0,0,0,0,0,0,0,0,0,0,0,0,0,0,0,0,0,0,0,0,0,0,0,0,0,0,0,0,0,0,0,0,0,0,0,0,0,trois
0,0,0,0,0,0,0,0,0,0,0,0,0,0,0,0,0,0,0,0,0,0,0,0,0,0,0,0,0,0,0,0,0,0,0,0,0,0,0,0,0,0,0,0,0,0,0,0,0,0,0,0,0,0,0,0,0,0,0,0,0,0,0,0,0,0,0,0,0,0,0,0,0,0,0,0,0,0,0,0,0,0,0,0,0,0,0,0,0,0,0,0,0,0,0,0,0,0,0,0,0,0,0,0,0,0,0,0,0,0,0,0,0,0,0,0,0,0,0,0,0,0,0,0,0,0,0,0,0,0,0,0,0,0,0,0,0,0,0,0,0,0,0,0,0,0,0,0,0,0,0,0,0,0,0,0,0,0,0,0,0,0,0,0,0,0,0,0,0,0,0,0,0,0,0,0,0,0,0,0,0,97,125,125,125,125,125,125,125,125,58,0,0,0,0,0,0,0,0,0,0,0,0,0,0,0,40,226,249,253,254,254,255,254,254,255,255,254,248,58,0,0,0,0,0,0,0,0,0,0,0,0,44,159,247,254,254,254,254,254,254,254,254,254,254,254,254,248,0,0,0,0,0,0,0,0,0,0,0,0,126,241,254,254,254,173,149,149,127,19,36,149,157,254,254,187,0,0,0,0,0,0,0,0,0,0,0,0,0,22,136,116,25,6,0,0,0,0,64,99,178,254,201,89,0,0,0,0,0,0,0,0,0,0,0,0,0,0,0,0,0,0,0,0,65,113,243,254,254,254,117,0,0,0,0,0,0,0,0,0,0,0,0,0,0,0,0,0,0,0,162,216,243,254,254,254,248,96,18,0,0,0,0,0,0,0,0,0,0,0,0,0,0,0,0,66,117,210,243,254,254,202,176,95,42,0,0,0,0,0,0,0,0,0,0,0,0,0,0,0,0,0,0,173,254,254,254,254,114,17,0,0,0,0,0,0,0,0,0,0,0,0,0,0,0,0,0,0,0,0,0,127,189,206,254,254,191,22,0,0,0,0,0,0,0,0,0,0,0,0,0,0,0,0,0,0,0,0,0,0,0,17,95,238,254,211,99,0,0,0,0,0,0,0,0,0,0,0,0,0,0,0,0,0,0,0,0,0,0,0,0,79,239,254,228,21,0,0,0,0,0,0,0,0,0,0,0,0,0,0,0,0,0,0,0,0,0,0,0,0,177,254,249,80,0,0,0,0,0,0,0,0,0,0,0,0,0,0,0,0,0,0,0,0,0,0,0,9,189,254,239,51,0,0,0,0,0,0,0,0,0,0,0,0,17,161,164,43,4,0,0,0,0,0,39,183,254,249,126,0,0,0,0,0,0,0,0,0,0,0,0,0,138,255,254,254,25,0,14,0,22,128,180,254,250,193,0,0,0,0,0,0,0,0,0,0,0,0,0,0,236,254,254,254,161,151,204,151,234,255,254,250,126,0,0,0,0,0,0,0,0,0,0,0,0,0,0,0,0,242,254,254,254,254,254,254,251,241,143,88,0,0,0,0,0,0,0,0,0,0,0,0,0,0,0,0,0,55,117,117,167,248,248,207,84,0,0,0,0,0,0,0,0,0,0,0,0,0,0,0,0,0,0,0,0,0,0,0,0,0,0,0,0,0,0,0,0,0,0,0,0,0,0,0,0,0,0,0,0,0,0,0,0,0,0,0,0,0,0,0,0,0,0,0,0,0,0,0,0,0,0,0,0,0,0,0,0,0,0,0,0,0,0,0,0,0,0,0,0,0,0,0,0,0,0,0,0,0,0,0,0,0,0,0,trois
0,0,0,0,0,0,0,0,0,0,0,0,0,0,0,0,0,0,0,0,0,0,0,0,0,0,0,0,0,0,0,0,0,0,0,0,0,0,0,0,0,0,0,0,0,0,0,0,0,0,0,0,0,0,0,0,0,0,0,0,0,0,0,0,0,0,0,0,0,0,0,0,0,0,0,0,0,0,0,0,0,0,0,0,0,0,0,0,0,0,0,0,0,0,0,0,0,0,0,0,0,0,0,0,0,0,0,0,0,0,0,0,0,0,0,0,0,0,0,0,0,0,0,0,0,0,0,0,0,0,0,0,0,0,0,0,0,0,0,0,0,0,0,0,0,0,0,0,0,0,0,0,0,0,0,0,0,0,0,0,0,0,0,0,0,0,0,0,0,0,0,0,0,0,0,0,0,0,0,37,118,118,118,118,118,100,0,0,0,0,0,0,0,0,0,0,0,0,0,0,0,0,0,0,0,98,112,222,253,253,253,253,253,251,225,43,0,0,0,0,0,0,0,0,0,0,0,0,0,0,0,44,222,251,253,253,253,253,253,253,253,253,253,242,235,161,48,0,0,0,0,0,0,0,0,0,0,0,0,65,244,253,127,25,129,155,126,25,49,155,218,253,253,253,236,48,0,0,0,0,0,0,0,0,0,0,0,0,79,48,5,0,0,0,0,0,0,0,21,45,169,253,253,237,0,0,0,0,0,0,0,0,0,0,0,0,0,0,0,0,0,0,0,0,0,0,0,9,99,253,253,209,0,0,0,0,0,0,0,0,0,0,0,0,0,0,0,0,0,0,0,0,0,13,79,163,253,253,248,22,0,0,0,0,0,0,0,0,0,0,0,0,0,0,0,0,0,0,0,15,96,210,253,253,253,253,210,0,0,0,0,0,0,0,0,0,0,0,0,0,0,0,0,21,169,196,196,208,253,253,253,246,188,115,27,0,0,0,0,0,0,0,0,0,0,0,0,0,0,0,0,20,215,253,253,253,253,244,194,108,0,0,0,0,0,0,0,0,0,0,0,0,0,0,0,0,0,0,0,0,160,201,201,239,253,214,0,0,0,0,0,0,0,0,0,0,0,0,0,0,87,176,9,0,0,0,0,0,0,0,0,183,253,214,0,0,0,0,0,0,0,0,0,0,0,0,0,0,144,193,6,0,0,0,0,0,0,0,0,183,253,127,0,0,0,0,0,0,0,0,0,0,0,0,0,0,255,253,12,0,0,0,0,0,0,9,64,228,247,73,0,0,0,0,0,0,0,0,0,0,0,0,0,0,174,253,161,103,27,13,27,27,27,152,253,253,194,0,0,0,0,0,0,0,0,0,0,0,0,0,0,0,51,231,252,253,253,200,253,253,253,253,253,212,32,0,0,0,0,0,0,0,0,0,0,0,0,0,0,0,0,0,167,253,253,253,253,249,240,206,110,31,0,0,0,0,0,0,0,0,0,0,0,0,0,0,0,0,0,0,51,117,117,117,117,81,0,0,0,0,0,0,0,0,0,0,0,0,0,0,0,0,0,0,0,0,0,0,0,0,0,0,0,0,0,0,0,0,0,0,0,0,0,0,0,0,0,0,0,0,0,0,0,0,0,0,0,0,0,0,0,0,0,0,0,0,0,0,0,0,0,0,0,0,0,0,0,0,0,0,0,0,0,0,0,0,0,0,0,0,0,0,0,0,0,0,0,0,0,0,0,0,0,0,0,0,0,0,0,0,0,0,0,0,0,0,0,0,0,0,0,0,0,0,0,0,0,0,0,0,0,0,0,0,trois
0,0,0,0,0,0,0,0,0,0,0,0,0,0,0,0,0,0,0,0,0,0,0,0,0,0,0,0,0,0,0,0,0,0,0,0,0,0,0,0,0,0,0,0,0,0,0,0,0,0,0,0,0,0,0,0,0,0,0,0,0,0,0,0,0,0,0,0,0,0,0,0,0,0,0,0,0,0,0,0,0,0,0,0,0,0,0,0,0,0,0,0,0,0,0,0,0,0,0,0,0,0,0,0,0,0,0,0,0,0,0,0,0,0,0,0,0,0,0,0,0,0,81,105,106,105,105,176,254,237,105,6,0,0,0,0,0,0,0,0,0,0,0,0,0,0,0,0,0,75,243,253,254,253,253,253,253,253,253,159,14,0,0,0,0,0,0,0,0,0,0,0,0,0,0,0,0,90,253,253,254,253,252,167,132,249,253,253,156,0,0,0,0,0,0,0,0,0,0,0,0,0,0,0,0,90,253,253,254,225,126,0,0,179,253,253,208,0,0,0,0,0,0,0,0,0,0,0,0,0,0,0,0,11,143,178,179,48,0,0,23,201,253,253,208,0,0,0,0,0,0,0,0,0,0,0,0,0,0,0,0,0,0,0,0,0,0,15,184,253,253,253,102,0,0,0,0,0,0,0,0,0,0,0,0,0,0,0,0,0,0,0,0,0,8,191,253,253,253,205,28,0,0,0,0,0,0,0,0,0,0,0,0,0,0,0,0,0,0,0,0,111,240,253,253,253,253,22,0,0,0,0,0,0,0,0,0,0,0,0,0,0,0,0,0,0,0,0,108,243,253,253,253,230,59,4,0,0,0,0,0,0,0,0,0,0,0,0,0,0,0,0,0,0,0,0,254,253,253,253,253,241,71,0,0,0,0,0,0,0,0,0,0,0,0,0,0,0,0,0,0,0,0,0,150,212,218,254,254,254,254,14,0,0,0,0,0,0,0,0,0,0,0,0,0,0,0,0,0,0,0,0,0,26,29,115,211,253,253,50,0,0,0,0,0,0,0,0,0,0,0,0,0,0,0,0,0,0,0,0,0,0,0,0,27,205,253,168,4,0,0,0,0,0,0,0,0,0,0,0,0,0,0,0,0,0,0,0,0,0,0,0,0,179,253,210,31,0,0,0,0,0,0,0,0,0,0,0,0,0,0,0,0,0,0,0,0,0,0,0,111,245,253,163,0,0,0,0,0,0,0,0,0,0,0,8,128,179,135,9,0,0,0,0,0,8,30,102,245,253,253,57,0,0,0,0,0,0,0,0,0,0,0,139,253,253,253,169,134,8,0,0,80,139,253,253,253,253,253,14,0,0,0,0,0,0,0,0,0,0,0,47,222,253,253,253,253,240,239,239,249,251,253,253,253,189,84,1,0,0,0,0,0,0,0,0,0,0,0,0,47,208,221,253,253,253,253,253,254,253,253,232,76,17,0,0,0,0,0,0,0,0,0,0,0,0,0,0,0,0,31,104,183,253,253,253,255,253,155,55,0,0,0,0,0,0,0,0,0,0,0,0,0,0,0,0,0,0,0,0,0,0,0,0,0,0,0,0,0,0,0,0,0,0,0,0,0,0,0,0,0,0,0,0,0,0,0,0,0,0,0,0,0,0,0,0,0,0,0,0,0,0,0,0,0,0,0,0,0,0,0,0,0,0,0,0,0,0,0,0,0,0,0,0,0,0,0,0,0,0,0,0,0,0,0,0,0,0,0,0,0,0,0,0,0,0,0,0,0,0,0,0,0,0,0,0,0,0,0,0,0,0,0,0,trois
0,0,0,0,0,0,0,0,0,0,0,0,0,0,0,0,0,0,0,0,0,0,0,0,0,0,0,0,0,0,0,0,0,0,0,0,0,0,0,0,0,0,0,0,0,0,0,0,0,0,0,0,0,0,0,0,0,0,0,0,0,0,0,0,0,0,0,0,0,0,0,0,0,0,0,0,0,0,0,0,0,0,0,0,0,0,0,0,0,0,0,0,0,0,0,0,0,0,0,0,0,0,0,0,0,0,0,0,0,0,0,0,0,0,0,0,0,0,0,0,0,0,0,0,0,0,0,0,0,0,0,0,0,0,3,7,0,0,0,0,0,0,0,0,0,0,0,0,0,0,0,0,0,0,0,0,0,11,13,123,137,137,192,255,0,0,0,0,0,0,0,0,0,0,0,0,0,0,0,0,0,0,0,6,59,236,254,254,254,254,254,255,0,0,0,0,0,0,0,0,0,0,0,0,0,0,0,0,18,56,117,153,254,254,254,254,244,229,229,108,0,0,0,0,0,0,0,0,0,0,0,0,0,0,0,7,190,254,246,126,138,120,205,114,58,0,0,0,0,0,0,0,0,0,0,0,0,0,0,0,0,0,47,180,254,245,98,0,0,0,0,0,0,0,0,0,0,0,0,0,0,0,0,0,0,0,0,0,0,47,225,254,245,159,0,0,0,0,0,0,0,0,0,0,0,0,0,0,0,0,0,0,0,0,0,0,0,162,254,254,148,38,0,0,0,0,0,0,0,0,0,0,0,0,0,0,0,0,0,0,0,0,0,0,23,228,254,254,254,236,181,84,39,0,0,0,0,0,0,0,0,0,0,0,0,0,0,0,0,0,0,0,9,186,254,254,254,254,254,254,233,144,9,0,0,0,0,0,0,0,0,0,0,0,0,0,0,0,0,0,0,40,83,186,125,186,186,206,254,254,96,9,0,0,0,0,0,0,0,0,0,0,0,0,2,35,0,0,0,0,0,0,0,0,0,17,119,254,254,67,0,0,0,0,0,0,0,0,0,0,0,0,108,218,0,0,0,0,0,0,0,0,0,0,82,254,254,116,0,0,0,0,0,0,0,0,0,0,0,0,174,252,93,0,0,0,0,0,0,0,0,0,82,254,254,30,0,0,0,0,0,0,0,0,0,0,0,0,149,254,164,39,0,0,0,0,0,0,0,0,128,254,254,30,0,0,0,0,0,0,0,0,0,0,0,0,21,254,254,225,88,0,0,0,0,0,0,116,249,254,124,4,0,0,0,0,0,0,0,0,0,0,0,0,1,24,154,254,252,151,107,107,107,136,231,249,254,254,37,0,0,0,0,0,0,0,0,0,0,0,0,0,0,0,81,208,254,254,254,254,254,254,254,254,219,100,3,0,0,0,0,0,0,0,0,0,0,0,0,0,0,0,0,7,88,211,254,254,254,254,164,39,8,0,0,0,0,0,0,0,0,0,0,0,0,0,0,0,0,0,0,0,0,4,6,6,6,6,2,0,0,0,0,0,0,0,0,0,0,0,0,0,0,0,0,0,0,0,0,0,0,0,0,0,0,0,0,0,0,0,0,0,0,0,0,0,0,0,0,0,0,0,0,0,0,0,0,0,0,0,0,0,0,0,0,0,0,0,0,0,0,0,0,0,0,0,0,0,0,0,0,0,0,0,0,0,0,0,0,0,0,0,0,0,0,0,0,0,0,0,0,0,0,0,0,0,0,0,0,0,0,0,0,0,0,0,0,0,0,0,0,0,0,0,0,0,0,0,0,0,0,0,0,0,cinq
0,0,0,0,0,0,0,0,0,0,0,0,0,0,0,0,0,0,0,0,0,0,0,0,0,0,0,0,0,0,0,0,0,0,0,0,0,0,0,0,0,0,0,0,0,0,0,0,0,0,0,0,0,0,0,0,0,0,0,0,0,0,0,0,0,0,0,0,0,0,0,0,0,0,0,0,0,0,0,0,0,0,0,0,0,0,0,0,0,0,0,0,0,0,0,0,0,0,0,0,0,0,0,0,0,0,0,0,0,0,0,0,0,0,0,0,0,0,0,0,0,0,0,0,0,0,0,0,0,0,0,0,0,0,0,0,0,0,0,0,0,0,0,0,0,3,120,202,254,254,255,160,79,23,0,0,0,0,0,0,0,0,0,0,0,0,0,0,0,0,0,0,0,11,253,249,246,244,243,253,253,208,26,0,0,0,0,0,0,0,0,0,0,0,0,0,0,0,0,0,0,4,89,47,27,9,0,85,165,252,148,0,0,0,0,0,0,0,0,0,0,0,0,0,0,0,0,0,0,0,0,0,0,0,0,0,8,250,196,0,0,0,0,0,0,0,0,0,0,0,0,0,0,0,0,0,0,0,0,0,0,0,0,42,181,253,219,0,0,0,0,0,0,0,0,0,0,0,0,0,0,0,0,0,0,0,0,0,0,4,103,237,253,204,34,0,0,0,0,0,0,0,0,0,0,0,0,0,0,0,0,0,0,0,0,0,0,175,253,207,93,2,0,0,0,0,0,0,0,0,0,0,0,0,0,0,0,0,0,0,0,0,0,0,71,252,253,52,0,0,0,0,0,0,0,0,0,0,0,0,0,0,0,0,0,0,0,0,0,0,0,0,18,235,253,244,157,39,0,0,0,0,0,0,0,0,0,0,0,0,0,0,0,0,0,0,0,0,0,0,0,16,176,231,253,231,148,39,0,0,0,0,0,0,0,0,0,0,0,0,0,0,0,0,0,0,0,0,0,0,0,28,163,249,253,242,121,35,0,0,0,0,0,0,0,0,0,0,0,0,0,0,0,0,0,0,0,0,0,0,0,19,135,208,253,191,82,0,0,0,0,0,0,0,0,0,0,0,0,0,0,0,0,0,0,0,0,0,0,0,0,10,169,253,234,108,0,0,0,0,0,0,0,0,0,0,0,0,0,0,0,0,0,0,0,0,0,0,0,0,5,170,253,227,41,0,0,0,0,0,0,0,0,0,0,0,0,0,0,0,0,0,0,0,0,0,0,0,0,8,179,253,168,0,0,0,0,0,0,0,0,0,0,0,0,0,0,0,0,0,0,0,0,0,0,0,0,0,94,253,219,0,0,0,0,0,0,0,0,0,0,0,0,0,0,0,0,0,0,0,0,0,1,13,0,0,12,214,237,35,0,0,0,0,0,0,0,0,0,0,0,0,0,0,0,0,0,0,0,0,5,213,189,124,91,206,254,138,0,0,0,0,0,0,0,0,0,0,0,0,0,0,0,0,0,0,0,0,1,96,229,253,254,253,254,146,0,0,0,0,0,0,0,0,0,0,0,0,0,0,0,0,0,0,0,0,0,0,25,121,203,253,187,14,0,0,0,0,0,0,0,0,0,0,0,0,0,0,0,0,0,0,0,0,0,0,0,0,0,0,0,0,0,0,0,0,0,0,0,0,0,0,0,0,0,0,0,0,0,0,0,0,0,0,0,0,0,0,0,0,0,0,0,0,0,0,0,0,0,0,0,0,0,0,0,0,0,0,0,0,0,0,0,0,0,0,0,0,0,0,0,0,0,0,trois
0,0,0,0,0,0,0,0,0,0,0,0,0,0,0,0,0,0,0,0,0,0,0,0,0,0,0,0,0,0,0,0,0,0,0,0,0,0,0,0,0,0,0,0,0,0,0,0,0,0,0,0,0,0,0,0,0,0,0,0,0,0,0,0,0,0,0,0,0,0,0,0,0,0,0,0,0,0,0,0,0,0,0,0,0,0,0,0,0,0,0,0,0,0,0,0,0,0,0,0,0,0,0,0,0,0,0,0,0,0,0,0,0,0,0,0,0,0,0,0,0,0,0,81,105,106,140,254,254,254,255,254,76,0,0,0,0,0,0,0,0,0,0,0,0,0,0,0,0,0,198,243,253,254,253,253,253,253,253,253,238,49,0,0,0,0,0,0,0,0,0,0,0,0,0,0,0,0,239,253,253,254,249,140,89,132,240,253,253,156,0,0,0,0,0,0,0,0,0,0,0,0,0,0,0,0,239,232,133,134,102,0,0,0,31,253,253,208,0,0,0,0,0,0,0,0,0,0,0,0,0,0,0,0,27,24,0,0,0,0,0,0,163,253,253,208,0,0,0,0,0,0,0,0,0,0,0,0,0,0,0,0,0,0,0,0,0,0,15,163,232,253,242,96,0,0,0,0,0,0,0,0,0,0,0,0,0,0,0,0,0,0,0,0,0,88,191,253,253,253,163,0,0,0,0,0,0,0,0,0,0,0,0,0,0,0,0,0,0,0,0,38,126,248,253,253,253,205,17,0,0,0,0,0,0,0,0,0,0,0,0,0,0,0,0,0,0,0,0,220,253,253,253,240,102,28,0,0,0,0,0,0,0,0,0,0,0,0,0,0,0,0,0,0,0,0,0,254,253,253,253,222,44,0,0,0,0,0,0,0,0,0,0,0,0,0,0,0,0,0,0,0,0,0,0,63,236,254,254,254,224,0,0,0,0,0,0,0,0,0,0,0,0,0,0,0,0,0,0,0,0,0,0,0,37,56,253,253,230,29,0,0,0,0,0,0,0,0,0,0,0,0,0,0,0,0,0,0,0,0,0,0,0,6,166,253,253,119,0,0,0,0,0,0,0,0,0,0,0,0,0,0,0,0,0,0,0,0,0,0,0,8,183,253,253,119,0,0,0,0,0,0,0,0,0,0,0,0,0,0,0,0,0,0,0,0,0,0,0,60,253,253,226,14,0,0,0,0,0,0,0,0,0,0,0,75,179,179,109,31,9,0,0,0,0,0,25,175,253,253,205,0,0,0,0,0,0,0,0,0,0,0,0,50,230,253,253,253,153,0,0,0,0,56,233,253,253,213,35,0,0,0,0,0,0,0,0,0,0,0,0,0,47,222,253,253,251,239,240,239,239,247,253,253,210,27,0,0,0,0,0,0,0,0,0,0,0,0,0,0,0,39,129,221,253,253,253,253,253,254,253,215,31,0,0,0,0,0,0,0,0,0,0,0,0,0,0,0,0,0,0,31,210,253,253,253,253,105,104,37,0,0,0,0,0,0,0,0,0,0,0,0,0,0,0,0,0,0,0,0,0,0,0,0,0,0,0,0,0,0,0,0,0,0,0,0,0,0,0,0,0,0,0,0,0,0,0,0,0,0,0,0,0,0,0,0,0,0,0,0,0,0,0,0,0,0,0,0,0,0,0,0,0,0,0,0,0,0,0,0,0,0,0,0,0,0,0,0,0,0,0,0,0,0,0,0,0,0,0,0,0,0,0,0,0,0,0,0,0,0,0,0,0,0,0,0,0,0,0,0,0,0,0,0,trois
0,0,0,0,0,0,0,0,0,0,0,0,0,0,0,0,0,0,0,0,0,0,0,0,0,0,0,0,0,0,0,0,0,0,0,0,0,0,0,0,0,0,0,0,0,0,0,0,0,0,0,0,0,0,0,0,0,0,0,0,0,0,0,0,0,0,0,0,0,0,0,0,0,0,0,0,0,0,0,0,0,0,0,0,0,0,0,0,0,0,0,0,0,0,0,0,0,0,0,0,0,0,0,0,0,0,0,0,0,0,0,0,0,0,0,0,0,0,0,0,0,0,0,0,0,0,0,0,0,0,0,0,0,0,0,0,0,0,0,0,0,0,0,0,0,0,0,0,0,0,0,0,0,0,0,0,0,0,0,20,0,51,150,155,255,108,0,0,0,0,0,0,0,0,0,0,0,0,0,0,0,0,0,0,0,54,129,207,126,248,253,253,232,52,0,0,0,0,0,0,0,0,0,0,0,0,45,140,140,98,98,140,223,249,253,253,253,253,253,237,126,0,0,0,0,0,0,0,0,0,0,0,0,0,234,253,253,253,253,253,253,253,253,253,253,253,197,52,0,0,0,0,0,0,0,0,0,0,0,0,0,35,242,253,253,253,253,253,253,253,244,215,124,73,7,0,0,0,0,0,0,0,0,0,0,0,0,0,0,0,234,253,253,253,253,253,253,195,51,0,0,0,0,0,0,0,0,0,0,0,0,0,0,0,0,0,0,0,234,253,252,212,134,113,31,13,0,0,0,0,0,0,0,0,0,0,0,0,0,0,0,0,0,0,0,0,208,253,242,22,0,0,0,0,0,0,0,0,0,0,0,0,0,0,0,0,0,0,0,0,0,0,0,0,43,252,253,132,0,0,0,0,0,0,0,0,0,0,0,0,0,0,0,0,0,0,0,0,0,0,0,0,0,113,253,229,47,0,0,0,0,0,0,0,0,0,0,0,0,0,0,0,0,0,0,0,0,0,0,0,0,15,146,253,185,0,0,0,0,0,0,0,0,0,0,0,0,0,0,0,0,0,0,0,0,0,0,0,0,0,9,186,251,74,0,0,0,0,0,0,0,0,0,0,0,0,0,0,0,0,0,0,0,0,0,0,0,0,0,63,253,241,110,2,0,0,0,0,0,0,0,0,0,0,0,0,0,0,0,0,0,0,0,0,0,0,0,4,160,253,253,17,0,0,0,0,0,0,0,0,0,0,0,0,0,0,0,0,90,88,4,0,0,0,0,0,35,253,253,109,0,0,0,0,0,0,0,0,0,0,0,0,0,0,0,0,150,167,21,21,13,7,10,47,128,253,253,202,0,0,0,0,0,0,0,0,0,0,0,0,0,0,0,0,150,253,253,253,220,196,210,253,253,253,253,212,0,0,0,0,0,0,0,0,0,0,0,0,0,0,0,0,83,224,253,253,253,253,253,253,253,253,249,76,0,0,0,0,0,0,0,0,0,0,0,0,0,0,0,0,0,73,251,253,253,253,253,253,253,218,78,0,0,0,0,0,0,0,0,0,0,0,0,0,0,0,0,0,0,0,60,226,168,253,253,211,164,18,0,0,0,0,0,0,0,0,0,0,0,0,0,0,0,0,0,0,0,0,0,0,0,0,0,0,0,0,0,0,0,0,0,0,0,0,0,0,0,0,0,0,0,0,0,0,0,0,0,0,0,0,0,0,0,0,0,0,0,0,0,0,0,0,0,0,0,0,0,0,0,0,0,0,0,0,0,0,0,0,0,0,0,0,0,0,0,0,0,0,0,0,0,0,0,0,cinq
0,0,0,0,0,0,0,0,0,0,0,0,0,0,0,0,0,0,0,0,0,0,0,0,0,0,0,0,0,0,0,0,0,0,0,0,0,0,0,0,0,0,0,0,0,0,0,0,0,0,0,0,0,0,0,0,0,0,0,0,0,0,0,0,0,0,0,0,0,0,0,0,0,0,0,0,0,0,0,0,0,0,0,0,0,0,0,0,0,0,0,0,0,0,0,0,0,0,0,0,0,0,0,0,0,0,0,0,0,0,0,0,0,0,0,0,0,0,0,0,0,0,0,0,0,0,0,0,0,0,0,0,0,0,0,0,0,0,0,0,0,0,0,0,0,0,0,0,0,0,0,0,0,0,0,0,0,0,0,0,0,0,0,0,0,0,0,0,0,0,0,0,0,0,0,0,0,0,0,0,0,0,0,0,0,0,0,0,9,25,25,25,0,0,0,0,0,0,0,0,0,0,0,0,0,0,0,0,0,0,37,107,157,157,71,129,189,253,253,253,0,0,0,0,0,0,0,0,0,0,0,0,0,0,0,0,0,105,254,253,253,253,253,253,253,253,232,205,0,0,0,0,0,0,0,0,0,0,0,0,0,0,0,0,108,250,254,253,253,253,253,207,193,146,41,0,0,0,0,0,0,0,0,0,0,0,0,0,0,0,0,167,248,253,216,180,163,60,60,14,0,0,0,0,0,0,0,0,0,0,0,0,0,0,0,0,0,0,29,230,253,253,23,0,0,0,0,0,0,0,0,0,0,0,0,0,0,0,0,0,0,0,0,0,0,0,85,253,253,253,98,88,0,0,0,0,0,0,0,0,0,0,0,0,0,0,0,0,0,0,0,0,0,0,49,238,253,253,254,251,213,89,0,0,0,0,0,0,0,0,0,0,0,0,0,0,0,0,0,0,0,0,0,10,122,132,254,253,253,251,155,29,0,0,0,0,0,0,0,0,0,0,0,0,0,0,0,0,0,0,0,0,0,0,0,0,37,255,254,181,0,0,0,0,0,0,0,0,0,0,0,0,140,11,0,0,0,0,0,0,0,0,0,0,16,205,253,180,0,0,0,0,0,0,0,0,0,0,0,0,254,198,78,0,0,0,0,0,0,0,0,0,6,182,253,163,0,0,0,0,0,0,0,0,0,0,0,0,148,233,241,146,37,0,0,0,0,0,0,0,60,253,253,60,0,0,0,0,0,0,0,0,0,0,0,0,0,111,230,253,236,90,12,0,0,0,0,47,226,253,181,17,0,0,0,0,0,0,0,0,0,0,0,0,0,0,55,194,253,253,205,194,194,194,195,228,253,253,72,0,0,0,0,0,0,0,0,0,0,0,0,0,0,0,0,10,134,233,253,253,253,253,254,253,241,88,14,0,0,0,0,0,0,0,0,0,0,0,0,0,0,0,0,0,0,27,133,156,156,156,36,36,31,0,0,0,0,0,0,0,0,0,0,0,0,0,0,0,0,0,0,0,0,0,0,0,0,0,0,0,0,0,0,0,0,0,0,0,0,0,0,0,0,0,0,0,0,0,0,0,0,0,0,0,0,0,0,0,0,0,0,0,0,0,0,0,0,0,0,0,0,0,0,0,0,0,0,0,0,0,0,0,0,0,0,0,0,0,0,0,0,0,0,0,0,0,0,0,0,0,0,0,0,0,0,0,0,0,0,0,0,0,0,0,0,0,0,0,0,0,0,0,0,0,0,0,0,0,0,0,0,0,0,0,0,0,0,0,0,0,0,0,0,0,0,0,0,0,0,0,0,0,0,0,cinq
0,0,0,0,0,0,0,0,0,0,0,0,0,0,0,0,0,0,0,0,0,0,0,0,0,0,0,0,0,0,0,0,0,0,0,0,0,0,0,0,0,0,0,0,0,0,0,0,0,0,0,0,0,0,0,0,0,0,0,0,0,0,0,0,0,0,0,0,0,0,0,0,0,0,0,0,0,0,0,0,0,0,0,0,0,0,0,0,0,0,0,0,0,0,0,0,0,0,0,0,0,0,0,0,0,0,0,0,0,0,0,0,0,0,0,0,0,0,0,0,0,0,83,92,92,198,92,198,92,77,0,0,0,0,0,0,0,0,0,0,0,0,0,0,0,0,0,0,4,108,248,254,254,254,254,254,254,243,182,34,0,0,0,0,0,0,0,0,0,0,0,0,0,0,0,0,120,254,254,254,254,254,254,254,254,254,254,197,0,0,0,0,0,0,0,0,0,0,0,0,0,0,0,0,193,254,254,254,62,57,57,179,236,254,254,197,0,0,0,0,0,0,0,0,0,0,0,0,0,0,0,0,26,199,142,130,4,0,0,0,60,231,254,197,0,0,0,0,0,0,0,0,0,0,0,0,0,0,0,0,0,22,4,0,0,0,0,21,215,247,254,197,0,0,0,0,0,0,0,0,0,0,0,0,0,0,0,0,0,0,0,0,0,0,0,117,254,254,254,197,0,0,0,0,0,0,0,0,0,0,0,0,0,0,0,0,0,0,0,0,0,3,130,249,254,254,254,197,0,0,0,0,0,0,0,0,0,0,0,0,0,0,0,0,0,0,0,0,52,160,254,254,254,254,254,232,66,0,0,0,0,0,0,0,0,0,0,0,0,0,0,0,0,0,0,0,244,254,254,254,254,254,254,254,251,15,0,0,0,0,0,0,0,0,0,0,0,0,0,0,0,0,0,0,248,254,254,238,82,110,254,254,254,15,0,0,0,0,0,0,0,0,0,0,0,0,0,0,0,0,0,0,151,223,216,140,0,42,254,254,254,15,0,0,0,0,0,0,0,0,0,0,2,95,190,190,30,0,0,0,0,45,40,0,0,42,254,254,254,15,0,0,0,0,0,0,0,0,0,0,92,254,254,198,22,0,0,0,0,0,0,0,0,117,254,254,254,15,0,0,0,0,0,0,0,0,0,0,182,254,249,110,0,0,0,0,0,0,0,5,42,214,254,254,230,13,0,0,0,0,0,0,0,0,0,0,182,254,239,68,0,0,0,0,0,0,0,25,254,254,254,254,106,0,0,0,0,0,0,0,0,0,0,0,182,254,254,239,84,58,58,58,112,223,223,226,254,255,254,204,14,0,0,0,0,0,0,0,0,0,0,0,86,254,254,254,254,254,254,254,254,254,254,254,254,230,106,82,0,0,0,0,0,0,0,0,0,0,0,0,1,85,238,254,254,254,254,254,254,254,225,180,180,44,0,0,0,0,0,0,0,0,0,0,0,0,0,0,0,0,70,90,229,254,211,90,90,90,55,0,0,0,0,0,0,0,0,0,0,0,0,0,0,0,0,0,0,0,0,0,0,0,0,0,0,0,0,0,0,0,0,0,0,0,0,0,0,0,0,0,0,0,0,0,0,0,0,0,0,0,0,0,0,0,0,0,0,0,0,0,0,0,0,0,0,0,0,0,0,0,0,0,0,0,0,0,0,0,0,0,0,0,0,0,0,0,0,0,0,0,0,0,0,0,0,0,0,0,0,0,0,0,0,0,0,0,0,0,0,0,0,0,0,0,0,0,0,0,0,0,0,0,0,0,trois
0,0,0,0,0,0,0,0,0,0,0,0,0,0,0,0,0,0,0,0,0,0,0,0,0,0,0,0,0,0,0,0,0,0,0,0,0,0,0,0,0,0,0,0,0,0,0,0,0,0,0,0,0,0,0,0,0,0,0,0,0,0,0,0,0,0,0,0,0,0,0,0,0,0,0,0,0,0,0,0,0,0,0,0,0,0,0,0,0,0,0,0,0,0,0,0,0,0,0,0,0,0,0,0,0,0,0,0,0,0,0,0,0,0,0,0,0,0,0,0,0,0,0,0,0,0,0,0,0,0,0,0,0,0,0,0,0,0,0,0,0,0,0,0,0,0,0,0,0,86,253,255,253,254,253,198,197,254,253,86,28,0,0,0,0,0,0,0,0,0,0,0,0,0,0,0,0,197,251,253,251,253,251,253,251,253,251,253,196,0,0,0,0,0,0,0,0,0,0,0,0,0,0,29,197,254,253,254,253,254,253,254,253,254,253,254,253,0,0,0,0,0,0,0,0,0,0,0,0,0,0,28,196,253,251,253,251,253,251,253,251,253,251,196,83,0,0,0,0,0,0,0,0,0,0,0,0,0,0,0,0,198,253,254,253,0,0,0,0,0,0,0,0,0,0,0,0,0,0,0,0,0,0,0,0,0,0,0,0,85,251,253,251,0,0,0,0,0,0,0,0,0,0,0,0,0,0,0,0,0,0,0,0,0,0,0,0,254,253,254,84,0,0,0,57,85,85,57,0,0,0,0,0,0,0,0,0,0,0,0,0,0,0,0,0,253,251,253,83,0,0,169,224,253,251,225,168,0,0,0,0,0,0,0,0,0,0,0,0,0,0,0,169,254,253,254,139,141,253,254,253,254,253,254,253,169,0,0,0,0,0,0,0,0,0,0,0,0,0,0,168,253,251,253,251,253,251,253,251,253,251,253,251,225,56,0,0,0,0,0,0,0,0,0,0,0,0,29,197,254,253,254,253,254,253,226,168,0,0,254,253,254,84,0,0,0,0,0,0,0,0,0,0,0,0,28,196,253,251,253,251,196,83,56,0,0,0,253,251,253,83,0,0,0,0,0,0,0,0,0,0,0,0,0,114,254,253,226,56,0,0,0,0,0,169,254,253,169,0,0,0,0,0,0,0,0,0,0,0,0,0,0,0,84,83,56,0,0,0,0,0,57,224,253,251,168,0,0,0,0,0,0,0,0,0,0,0,0,0,0,0,0,0,0,0,0,0,0,0,141,253,254,253,114,0,0,0,0,0,0,0,0,0,0,0,0,0,0,0,0,0,0,0,0,0,57,168,253,251,253,138,0,0,0,0,0,0,0,0,0,0,0,0,0,0,0,0,0,0,85,85,85,85,254,253,254,253,169,0,0,0,0,0,0,0,0,0,0,0,0,0,0,0,0,0,57,168,253,251,253,251,253,251,253,251,56,0,0,0,0,0,0,0,0,0,0,0,0,0,0,0,0,0,85,253,254,253,254,253,254,253,114,0,0,0,0,0,0,0,0,0,0,0,0,0,0,0,0,0,0,0,85,251,253,251,196,83,84,83,0,0,0,0,0,0,0,0,0,0,0,0,0,0,0,0,0,0,0,0,0,0,0,0,0,0,0,0,0,0,0,0,0,0,0,0,0,0,0,0,0,0,0,0,0,0,0,0,0,0,0,0,0,0,0,0,0,0,0,0,0,0,0,0,0,0,0,0,0,0,0,0,0,0,0,0,0,0,0,0,0,0,0,0,0,0,0,0,0,0,0,0,0,0,0,cinq
0,0,0,0,0,0,0,0,0,0,0,0,0,0,0,0,0,0,0,0,0,0,0,0,0,0,0,0,0,0,0,0,0,0,0,0,0,0,0,0,0,0,0,0,0,0,0,0,0,0,0,0,0,0,0,0,0,0,0,0,0,0,0,0,0,0,0,0,0,0,0,0,0,0,0,0,0,0,0,0,0,0,0,0,0,0,0,0,0,0,0,0,0,0,0,0,0,0,0,0,0,0,0,0,0,0,0,0,0,0,0,0,0,0,0,0,0,0,0,0,0,0,0,0,0,0,0,0,0,0,0,0,0,0,0,0,0,0,0,0,0,0,0,0,0,0,0,0,0,0,0,0,0,0,0,0,0,0,0,0,0,0,0,0,0,0,0,0,0,0,0,0,0,0,0,0,0,0,0,0,0,0,0,0,0,0,0,0,0,0,0,0,0,0,0,0,0,0,0,0,0,0,0,0,0,0,0,0,0,0,0,0,0,0,0,0,0,0,0,0,0,0,0,0,0,0,0,5,21,86,121,121,171,147,121,83,21,12,0,0,0,0,0,0,0,0,0,0,0,0,0,0,0,0,0,154,254,254,254,254,254,254,254,254,254,222,175,175,109,39,0,0,0,0,0,0,0,0,0,0,0,0,0,244,238,125,125,125,125,125,179,224,242,254,254,254,254,233,99,15,0,0,0,0,0,0,0,0,0,0,0,104,97,0,0,0,0,0,0,0,41,72,145,159,254,254,254,192,0,0,0,0,0,0,0,0,0,0,0,0,0,0,0,0,0,0,0,0,0,0,0,1,42,238,254,225,11,0,0,0,0,0,0,0,0,0,0,0,0,0,0,0,0,0,0,36,96,19,23,180,195,248,254,241,41,0,0,0,0,0,0,0,0,0,0,0,0,0,0,0,0,0,99,252,254,251,251,254,254,254,254,160,0,0,0,0,0,0,0,0,0,0,0,0,0,0,0,0,0,0,99,251,249,249,251,210,249,254,254,215,31,1,0,0,0,0,0,0,0,0,0,0,0,0,0,0,0,0,0,38,0,0,38,0,0,133,237,254,254,107,13,0,0,0,0,0,0,0,0,0,0,0,0,0,0,0,0,0,0,0,0,0,0,0,60,194,254,254,106,0,0,0,0,0,0,0,0,0,0,0,0,0,0,0,122,107,0,0,0,0,0,0,0,12,172,254,254,0,0,0,0,0,0,0,0,0,0,0,0,0,0,0,240,206,106,26,49,41,26,75,126,139,247,255,245,0,0,0,0,0,0,0,0,0,0,0,0,0,0,0,138,254,254,254,254,254,254,254,254,254,254,240,67,0,0,0,0,0,0,0,0,0,0,0,0,0,0,0,4,57,178,219,219,174,186,219,219,206,120,99,0,0,0,0,0,0,0,0,0,0,0,0,0,0,0,0,0,0,0,0,0,0,0,0,0,0,0,0,0,0,0,0,0,0,0,0,0,0,0,0,0,0,0,0,0,0,0,0,0,0,0,0,0,0,0,0,0,0,0,0,0,0,0,0,0,0,0,0,0,0,0,0,0,0,0,0,0,0,0,0,0,0,0,0,0,0,0,0,0,0,0,0,0,0,0,0,0,0,0,0,0,0,0,0,0,0,0,0,0,0,0,0,0,0,0,0,0,0,0,0,0,0,0,0,0,0,0,0,0,0,0,0,0,0,0,0,0,0,0,0,0,0,0,0,0,0,0,0,0,0,0,0,0,0,0,0,0,0,0,0,0,0,0,0,0,0,0,0,0,0,0,0,0,0,trois
0,0,0,0,0,0,0,0,0,0,0,0,0,0,0,0,0,0,0,0,0,0,0,0,0,0,0,0,0,0,0,0,0,0,0,0,0,0,0,0,0,0,0,0,0,0,0,0,0,0,0,0,0,0,0,0,0,0,0,0,0,0,0,0,0,0,0,0,0,0,0,0,0,0,0,0,0,0,0,0,0,0,0,0,0,0,0,0,0,0,0,0,0,0,0,0,0,0,0,0,0,0,0,0,0,0,0,0,0,0,0,0,0,0,0,0,0,0,0,0,0,0,0,0,0,25,161,174,181,160,143,13,0,0,0,0,0,0,0,0,0,0,0,0,0,0,0,0,0,0,0,44,177,236,231,216,216,241,254,130,0,0,0,0,0,0,0,0,0,0,0,0,0,0,0,0,0,0,67,231,238,80,21,0,0,69,247,140,0,0,0,0,0,0,0,0,0,0,0,0,0,0,0,0,0,0,148,237,58,0,0,0,0,138,254,113,0,0,0,0,0,0,0,0,0,0,0,0,0,0,0,0,0,0,45,18,0,0,0,0,149,248,157,4,0,0,0,0,0,0,0,0,0,0,0,0,0,0,0,0,0,0,0,0,0,0,5,83,243,248,69,0,0,0,0,0,0,0,0,0,0,0,0,0,0,0,0,0,0,0,0,0,0,0,164,254,219,84,0,0,0,0,0,0,0,0,0,0,0,0,0,0,0,0,0,0,0,0,19,78,151,221,254,254,59,0,0,0,0,0,0,0,0,0,0,0,0,0,0,0,0,0,0,19,81,164,229,254,254,254,254,254,225,189,65,0,0,0,0,0,0,0,0,0,0,0,0,0,0,0,43,232,254,254,254,254,162,66,66,149,163,254,241,105,0,0,0,0,0,0,0,0,0,0,0,0,0,0,80,254,218,181,95,4,0,0,0,0,0,64,219,254,134,0,0,0,0,0,0,0,0,0,0,0,0,0,2,28,13,0,0,0,0,0,0,0,0,0,33,229,169,0,0,0,0,0,0,0,0,0,0,0,0,0,0,0,0,0,0,0,0,0,0,0,0,0,0,207,235,7,0,0,0,0,0,0,0,0,0,0,0,0,0,0,0,0,57,132,0,0,0,0,0,0,0,207,254,9,0,0,0,0,0,0,0,0,0,0,0,0,0,0,0,4,151,144,0,0,0,0,0,0,0,207,206,4,0,0,0,0,0,0,0,0,0,0,0,0,0,0,0,97,216,22,0,0,0,0,0,0,81,245,169,0,0,0,0,0,0,0,0,0,0,0,0,0,0,0,0,180,169,0,0,0,0,0,0,26,179,254,103,0,0,0,0,0,0,0,0,0,0,0,0,0,0,0,0,207,251,168,51,0,0,9,96,216,254,179,3,0,0,0,0,0,0,0,0,0,0,0,0,0,0,0,0,73,207,254,249,217,218,222,254,235,173,38,0,0,0,0,0,0,0,0,0,0,0,0,0,0,0,0,0,0,22,87,159,194,255,240,156,22,0,0,0,0,0,0,0,0,0,0,0,0,0,0,0,0,0,0,0,0,0,0,0,0,0,0,0,0,0,0,0,0,0,0,0,0,0,0,0,0,0,0,0,0,0,0,0,0,0,0,0,0,0,0,0,0,0,0,0,0,0,0,0,0,0,0,0,0,0,0,0,0,0,0,0,0,0,0,0,0,0,0,0,0,0,0,0,0,0,0,0,0,0,0,0,0,0,0,0,0,0,0,0,0,0,0,0,0,0,0,0,0,0,0,0,0,0,0,0,0,0,0,trois
0,0,0,0,0,0,0,0,0,0,0,0,0,0,0,0,0,0,0,0,0,0,0,0,0,0,0,0,0,0,0,0,0,0,0,0,0,0,0,0,0,0,0,0,0,0,0,0,0,0,0,0,0,0,0,0,0,0,0,0,0,0,0,0,0,0,0,0,0,0,0,0,0,0,0,0,0,0,0,0,0,0,0,0,0,0,0,0,0,0,0,0,0,0,0,0,0,0,0,0,0,0,0,0,0,0,0,0,0,0,0,0,0,0,0,0,0,0,0,0,0,0,0,0,31,92,0,131,254,254,254,255,189,18,0,0,0,0,0,0,0,0,0,0,0,0,0,0,0,0,6,127,216,248,178,241,253,253,253,253,253,177,19,0,0,0,0,0,0,0,0,0,0,0,0,0,0,0,121,253,253,253,129,95,107,107,142,253,253,253,99,0,0,0,0,0,0,0,0,0,0,0,0,0,0,0,185,253,253,253,129,0,0,0,25,197,253,233,63,0,0,0,0,0,0,0,0,0,0,0,0,0,0,0,63,214,214,107,31,0,0,0,86,253,253,199,0,0,0,0,0,0,0,0,0,0,0,0,0,0,0,0,0,0,0,0,0,0,9,139,236,253,253,115,0,0,0,0,0,0,0,0,0,0,0,0,0,0,0,0,0,0,0,0,0,76,189,253,253,250,103,3,0,0,0,0,0,0,0,0,0,0,0,0,0,0,0,0,0,17,31,139,185,245,253,253,245,122,0,0,0,0,0,0,0,0,0,0,0,0,0,0,0,0,0,0,17,194,253,253,253,253,245,123,93,0,0,0,0,0,0,0,0,0,0,0,0,0,0,0,0,0,0,0,126,253,253,253,253,253,237,0,0,0,0,0,0,0,0,0,0,0,0,0,0,0,0,0,0,0,0,0,29,230,251,253,253,253,239,13,0,0,0,0,0,0,0,0,0,0,0,0,0,0,0,0,0,0,0,0,0,0,119,129,129,239,253,194,19,0,0,0,0,0,0,0,0,0,0,0,0,0,0,0,0,0,0,0,0,0,0,0,0,224,253,253,80,0,0,0,0,0,0,0,0,0,0,0,0,68,169,81,1,0,0,0,0,0,0,0,0,224,253,253,191,0,0,0,0,0,0,0,0,0,0,0,0,171,253,253,7,0,0,0,0,0,0,0,0,224,253,253,121,0,0,0,0,0,0,0,0,0,0,0,0,124,253,253,160,15,0,0,0,0,0,58,216,249,253,225,29,0,0,0,0,0,0,0,0,0,0,0,0,37,219,253,253,160,8,8,8,8,8,180,253,253,252,133,0,0,0,0,0,0,0,0,0,0,0,0,0,0,116,207,253,253,253,253,253,253,253,253,253,253,172,0,0,0,0,0,0,0,0,0,0,0,0,0,0,0,0,26,248,253,253,253,253,253,253,253,253,205,66,0,0,0,0,0,0,0,0,0,0,0,0,0,0,0,0,0,97,123,253,253,253,253,113,99,99,12,0,0,0,0,0,0,0,0,0,0,0,0,0,0,0,0,0,0,0,0,0,0,0,0,0,0,0,0,0,0,0,0,0,0,0,0,0,0,0,0,0,0,0,0,0,0,0,0,0,0,0,0,0,0,0,0,0,0,0,0,0,0,0,0,0,0,0,0,0,0,0,0,0,0,0,0,0,0,0,0,0,0,0,0,0,0,0,0,0,0,0,0,0,0,0,0,0,0,0,0,0,0,0,0,0,0,0,0,0,0,0,0,0,0,0,0,0,0,0,0,0,0,0,0,trois
0,0,0,0,0,0,0,0,0,0,0,0,0,0,0,0,0,0,0,0,0,0,0,0,0,0,0,0,0,0,0,0,0,0,0,0,0,0,0,0,0,0,0,0,0,0,0,0,0,0,0,0,0,0,0,0,0,0,0,0,0,0,0,0,0,0,0,0,0,0,0,0,0,0,0,0,0,0,0,0,0,0,0,0,0,0,0,0,0,0,0,0,0,0,0,0,0,0,0,0,0,0,0,0,0,0,0,0,0,0,0,0,0,0,0,0,0,0,0,0,0,0,0,0,0,0,0,0,0,0,0,0,0,0,0,0,0,0,0,0,0,0,0,0,0,0,0,0,0,0,0,0,0,0,0,0,0,0,0,0,0,12,13,0,0,0,0,0,0,0,0,0,0,0,0,0,0,0,0,0,0,0,0,0,7,19,19,19,135,250,254,0,0,0,0,0,0,0,0,0,0,0,0,0,0,0,0,0,13,0,8,65,186,254,254,254,254,254,255,0,0,0,0,0,0,0,0,0,0,0,0,0,0,0,0,23,140,127,185,254,254,254,254,254,254,225,162,0,0,0,0,0,0,0,0,0,0,0,0,0,0,0,8,130,254,254,188,93,196,217,217,105,93,5,0,0,0,0,0,0,0,0,0,0,0,0,0,0,0,8,146,254,244,177,19,0,0,0,0,0,0,0,0,0,0,0,0,0,0,0,0,0,0,0,0,0,0,129,254,254,235,141,50,35,0,0,0,0,0,0,0,0,0,0,0,0,0,0,0,0,0,0,0,0,0,168,254,254,254,254,254,231,138,8,0,0,0,0,0,0,0,0,0,0,0,0,0,0,0,0,0,0,0,67,192,131,192,192,241,254,254,151,8,0,0,0,0,0,0,0,0,0,0,0,0,0,0,0,0,0,0,0,0,0,0,0,49,162,209,254,91,7,0,0,0,0,0,0,0,0,0,0,0,139,93,0,0,0,0,0,0,0,0,0,0,0,62,244,254,24,0,0,0,0,0,0,0,0,0,0,0,94,228,191,0,0,0,0,0,0,0,0,0,0,111,248,223,17,0,0,0,0,0,0,0,0,0,0,0,25,214,251,200,77,0,0,0,0,0,0,0,68,247,254,154,0,0,0,0,0,0,0,0,0,0,0,0,0,26,214,254,250,139,32,0,0,0,0,74,206,254,254,48,0,0,0,0,0,0,0,0,0,0,0,0,0,0,27,164,254,254,235,139,100,130,224,248,254,254,124,4,0,0,0,0,0,0,0,0,0,0,0,0,0,0,0,3,101,164,254,254,254,254,254,254,254,124,4,0,0,0,0,0,0,0,0,0,0,0,0,0,0,0,0,0,0,3,39,142,222,254,254,166,42,3,0,0,0,0,0,0,0,0,0,0,0,0,0,0,0,0,0,0,0,0,0,0,8,12,12,3,0,0,0,0,0,0,0,0,0,0,0,0,0,0,0,0,0,0,0,0,0,0,0,0,0,0,0,0,0,0,0,0,0,0,0,0,0,0,0,0,0,0,0,0,0,0,0,0,0,0,0,0,0,0,0,0,0,0,0,0,0,0,0,0,0,0,0,0,0,0,0,0,0,0,0,0,0,0,0,0,0,0,0,0,0,0,0,0,0,0,0,0,0,0,0,0,0,0,0,0,0,0,0,0,0,0,0,0,0,0,0,0,0,0,0,0,0,0,0,0,0,0,0,0,0,0,0,0,0,0,0,0,0,0,0,0,0,0,0,0,0,0,0,0,0,0,0,0,0,0,0,0,0,cinq
0,0,0,0,0,0,0,0,0,0,0,0,0,0,0,0,0,0,0,0,0,0,0,0,0,0,0,0,0,0,0,0,0,0,0,0,0,0,0,0,0,0,0,0,0,0,0,0,0,0,0,0,0,0,0,0,0,0,0,0,0,0,0,0,0,0,0,0,0,0,0,0,0,0,0,0,0,0,0,0,0,0,0,0,0,0,0,0,0,0,0,0,0,0,0,0,0,0,0,0,0,0,0,0,0,0,0,0,0,0,0,0,0,0,0,0,0,0,0,0,0,0,0,20,121,121,121,64,0,0,0,96,121,211,253,107,0,0,0,0,0,0,0,0,0,0,0,0,0,121,240,242,252,252,252,247,240,121,219,249,252,235,131,6,0,0,0,0,0,0,0,0,0,0,0,0,122,247,252,252,192,158,89,253,252,252,222,158,60,22,0,0,0,0,0,0,0,0,0,0,0,0,0,80,246,252,136,39,15,0,0,140,218,123,27,0,0,0,0,0,0,0,0,0,0,0,0,0,0,0,0,94,252,252,198,0,0,0,0,25,31,0,0,0,0,0,0,0,0,0,0,0,0,0,0,0,0,0,0,25,195,252,238,87,0,0,0,0,0,0,0,0,0,0,0,0,0,0,0,0,0,0,0,0,0,0,0,0,26,195,252,239,85,0,0,0,0,0,0,0,0,0,0,0,0,0,0,0,0,0,0,0,0,0,0,0,0,25,196,252,242,82,0,0,0,0,0,0,0,0,0,0,0,0,0,0,0,0,0,0,0,0,0,0,0,0,23,199,252,246,77,0,0,0,0,0,0,0,0,0,0,0,0,0,0,0,0,0,0,0,0,0,0,0,0,19,203,252,252,71,0,0,0,0,0,0,0,0,0,0,0,0,0,0,0,0,0,0,0,0,0,0,0,0,98,253,253,255,76,0,0,0,0,0,0,0,0,0,0,0,0,0,0,0,0,0,0,0,0,0,0,0,2,96,252,253,247,25,0,0,0,0,0,0,0,0,0,0,0,0,0,0,0,0,0,0,0,0,0,0,0,2,97,204,252,180,64,0,0,0,0,0,0,0,0,0,0,0,0,0,0,0,0,0,0,0,0,0,0,0,0,83,248,252,197,59,0,0,0,0,0,0,0,0,0,0,0,0,0,0,0,0,57,85,35,0,0,0,0,0,107,245,252,238,52,0,0,0,0,0,0,0,0,0,0,0,0,0,0,98,242,185,0,0,0,0,0,0,0,109,244,252,175,17,0,0,0,0,0,0,0,0,0,0,0,0,74,244,252,160,145,41,41,41,19,0,0,0,122,252,252,170,0,0,0,0,0,0,0,0,0,0,0,0,39,222,252,252,252,252,252,252,203,161,160,160,189,252,252,212,0,0,0,0,0,0,0,0,0,0,0,0,0,89,238,246,238,238,247,252,252,253,252,252,252,252,249,130,0,0,0,0,0,0,0,0,0,0,0,0,0,0,0,63,0,0,76,119,119,253,252,252,252,146,94,0,0,0,0,0,0,0,0,0,0,0,0,0,0,0,0,0,0,0,0,0,0,0,0,0,0,0,0,0,0,0,0,0,0,0,0,0,0,0,0,0,0,0,0,0,0,0,0,0,0,0,0,0,0,0,0,0,0,0,0,0,0,0,0,0,0,0,0,0,0,0,0,0,0,0,0,0,0,0,0,0,0,0,0,0,0,0,0,0,0,0,0,0,0,0,0,0,0,0,0,0,0,0,0,0,0,0,0,0,0,0,0,0,0,0,0,0,0,0,cinq
0,0,0,0,0,0,0,0,0,0,0,0,0,0,0,0,0,0,0,0,0,0,0,0,0,0,0,0,0,0,0,0,0,0,0,0,0,0,0,0,0,0,0,0,0,0,0,0,0,0,0,0,0,0,0,0,0,0,0,0,0,0,0,0,0,0,0,0,0,0,0,0,0,0,0,0,0,0,0,0,0,0,0,0,0,0,0,0,0,0,0,0,0,0,0,0,0,0,0,0,0,0,0,0,0,0,0,0,0,0,0,0,0,0,0,0,0,0,0,0,0,0,0,0,0,0,0,0,0,0,0,0,0,0,0,0,0,0,0,0,0,0,0,0,0,0,0,0,0,0,0,0,0,0,0,0,0,0,0,0,0,0,0,0,0,0,0,0,0,0,0,0,0,0,0,0,0,0,0,0,0,0,0,0,0,0,0,0,0,0,0,0,0,0,0,0,0,0,0,0,0,0,0,0,0,0,0,0,0,0,16,22,22,110,128,127,135,232,188,0,0,0,0,0,0,0,0,0,0,0,0,0,0,0,0,0,0,55,232,252,252,252,253,252,252,252,252,0,0,0,0,0,0,0,0,0,0,0,0,0,0,0,0,0,0,192,252,252,252,252,253,173,147,77,42,0,0,0,0,0,0,0,0,0,0,0,0,0,0,0,0,55,236,254,253,206,106,62,0,0,0,0,0,0,0,0,0,0,0,0,0,0,0,0,0,0,0,0,52,232,252,239,89,5,0,0,0,0,0,0,0,0,0,0,0,0,0,0,0,0,0,0,0,0,0,0,224,252,252,232,127,127,57,4,0,0,0,0,0,0,0,0,0,0,0,0,0,0,0,0,0,0,0,0,188,252,252,253,252,252,252,182,27,0,0,0,0,0,0,0,0,0,0,0,0,0,0,0,0,0,0,0,135,147,147,147,147,200,252,252,194,0,0,0,0,0,0,0,0,0,0,0,0,87,113,4,0,0,0,0,0,0,0,0,0,0,71,194,255,95,4,0,0,0,0,0,0,0,0,0,0,192,217,48,0,0,0,0,0,0,0,0,0,0,0,45,253,217,12,0,0,0,0,0,0,0,0,0,0,183,252,233,42,0,0,0,0,0,0,0,0,0,6,198,253,166,2,0,0,0,0,0,0,0,0,0,0,14,120,247,196,126,0,0,0,0,0,0,0,0,134,252,225,21,0,0,0,0,0,0,0,0,0,0,0,0,0,56,252,252,212,131,9,0,0,0,0,98,204,252,185,27,0,0,0,0,0,0,0,0,0,0,0,0,0,0,141,229,254,253,245,148,148,148,183,253,253,174,0,0,0,0,0,0,0,0,0,0,0,0,0,0,0,0,0,27,125,231,252,252,252,253,252,210,98,11,0,0,0,0,0,0,0,0,0,0,0,0,0,0,0,0,0,0,0,16,29,126,126,127,126,19,0,0,0,0,0,0,0,0,0,0,0,0,0,0,0,0,0,0,0,0,0,0,0,0,0,0,0,0,0,0,0,0,0,0,0,0,0,0,0,0,0,0,0,0,0,0,0,0,0,0,0,0,0,0,0,0,0,0,0,0,0,0,0,0,0,0,0,0,0,0,0,0,0,0,0,0,0,0,0,0,0,0,0,0,0,0,0,0,0,0,0,0,0,0,0,0,0,0,0,0,0,0,0,0,0,0,0,0,0,0,0,0,0,0,0,0,0,0,0,0,0,0,0,0,0,0,0,0,0,0,0,0,0,0,0,0,0,0,0,0,0,0,0,0,0,0,0,0,0,0,0,0,cinq
0,0,0,0,0,0,0,0,0,0,0,0,0,0,0,0,0,0,0,0,0,0,0,0,0,0,0,0,0,0,0,0,0,0,0,0,0,0,0,0,0,0,0,0,0,0,0,0,0,0,0,0,0,0,0,0,0,0,0,0,0,0,0,0,0,0,0,0,0,0,0,0,0,0,0,0,0,0,0,0,0,0,0,0,0,0,0,0,0,0,0,0,0,0,0,0,0,53,155,179,210,155,155,107,0,0,0,0,0,0,0,0,0,0,0,0,0,0,0,0,0,0,0,0,0,194,254,254,254,254,254,241,99,0,0,0,0,0,0,0,0,0,0,0,0,0,0,0,0,0,0,0,62,253,254,254,225,207,222,158,42,0,0,0,0,0,0,0,0,0,0,0,0,0,0,0,0,0,0,0,96,254,254,202,19,10,18,0,0,0,0,0,0,0,0,0,0,0,0,0,0,0,0,0,0,0,0,0,96,254,254,126,0,0,0,0,0,0,0,0,0,0,0,0,0,0,0,0,0,0,0,0,0,0,0,0,96,254,254,95,0,0,0,0,0,0,0,0,0,0,0,0,0,0,0,0,0,0,0,0,0,0,0,0,96,254,254,128,0,0,0,0,0,0,0,0,0,0,0,0,0,0,0,0,0,0,0,0,0,0,0,0,6,195,254,204,7,0,0,0,0,0,0,0,0,0,0,0,0,0,0,0,0,0,0,0,0,0,0,0,0,150,254,254,77,0,0,0,0,0,0,0,0,0,0,0,0,0,0,0,0,0,0,0,0,0,0,0,0,42,245,254,253,103,0,0,0,0,0,0,0,0,0,0,0,0,0,0,0,0,0,0,0,0,0,0,0,0,44,249,254,241,146,4,0,0,0,0,0,0,0,0,0,0,0,0,0,0,0,0,0,0,0,0,0,0,0,0,192,254,254,225,36,0,0,0,0,0,0,0,0,0,0,0,0,0,0,0,0,14,5,0,0,0,0,0,18,79,230,254,204,0,0,0,0,0,0,0,0,0,0,0,0,0,0,6,139,247,70,0,0,0,0,0,0,75,245,254,219,0,0,0,0,0,0,0,0,0,0,0,0,0,0,70,254,252,63,0,0,0,0,0,2,178,254,254,170,0,0,0,0,0,0,0,0,0,0,0,0,0,0,191,254,234,22,0,0,0,0,0,118,254,254,254,120,0,0,0,0,0,0,0,0,0,0,0,0,0,0,167,254,254,167,41,36,36,38,135,236,254,254,198,17,0,0,0,0,0,0,0,0,0,0,0,0,0,0,46,254,254,254,254,254,254,254,254,254,254,200,19,0,0,0,0,0,0,0,0,0,0,0,0,0,0,0,9,110,205,237,254,254,254,254,254,252,142,17,0,0,0,0,0,0,0,0,0,0,0,0,0,0,0,0,0,0,7,33,126,254,254,253,92,52,0,0,0,0,0,0,0,0,0,0,0,0,0,0,0,0,0,0,0,0,0,0,0,0,0,0,0,0,0,0,0,0,0,0,0,0,0,0,0,0,0,0,0,0,0,0,0,0,0,0,0,0,0,0,0,0,0,0,0,0,0,0,0,0,0,0,0,0,0,0,0,0,0,0,0,0,0,0,0,0,0,0,0,0,0,0,0,0,0,0,0,0,0,0,0,0,0,0,0,0,0,0,0,0,0,0,0,0,0,0,0,0,0,0,0,0,0,0,0,0,0,0,0,0,0,0,0,0,0,0,0,0,0,0,0,0,0,0,0,0,0,0,0,0,0,0,0,0,0,0,0,cinq
0,0,0,0,0,0,0,0,0,0,0,0,0,0,0,0,0,0,0,0,0,0,0,0,0,0,0,0,0,0,0,0,0,0,0,0,0,0,0,0,0,0,0,0,0,0,0,0,0,0,0,0,0,0,0,0,0,0,0,0,0,0,0,0,0,0,0,0,0,0,0,0,0,0,0,0,0,0,0,0,0,0,0,0,0,0,0,0,0,0,0,0,0,0,0,0,0,0,0,0,0,0,0,0,0,0,0,0,0,0,0,0,0,0,0,0,0,0,0,0,0,0,0,0,0,0,0,0,0,0,0,0,0,0,0,0,0,0,0,0,0,0,0,0,0,0,0,0,0,0,0,0,128,255,255,255,255,255,255,191,64,0,0,0,0,0,0,0,0,0,0,0,0,0,0,0,0,64,191,255,255,255,255,255,255,255,255,255,191,0,0,0,0,0,0,0,0,0,0,0,0,0,0,0,0,255,255,255,255,255,255,128,128,128,191,255,255,0,0,0,0,0,0,0,0,0,0,0,0,0,0,0,128,255,255,255,255,191,0,0,0,0,64,255,255,0,0,0,0,0,0,0,0,0,0,0,0,0,0,0,0,255,255,191,64,0,0,0,0,0,255,255,255,0,0,0,0,0,0,0,0,0,0,0,0,0,0,0,0,0,0,0,0,0,0,0,0,191,255,255,128,0,0,0,0,0,0,0,0,0,0,0,0,0,0,0,0,0,0,0,0,0,0,0,128,255,255,191,0,0,0,0,0,0,0,0,0,0,0,0,0,0,0,0,0,0,0,0,0,0,0,128,255,255,191,64,0,0,0,0,0,0,0,0,0,0,0,0,0,0,0,0,0,0,0,0,0,64,191,255,255,255,0,0,0,0,0,0,0,0,0,0,0,0,0,0,0,0,0,0,0,0,0,0,64,255,255,255,255,64,0,0,0,0,0,0,0,0,0,0,0,0,0,0,0,0,0,0,0,0,0,0,191,255,255,255,255,255,0,0,0,0,0,0,0,0,0,0,0,0,0,0,0,0,0,0,0,0,0,0,0,128,128,128,255,255,0,0,0,0,0,0,0,0,0,0,0,0,0,0,0,0,0,0,0,0,0,0,0,0,0,0,128,255,128,0,0,0,0,0,0,0,0,0,0,0,0,0,0,64,0,0,0,0,0,0,0,0,0,0,128,255,128,0,0,0,0,0,0,0,0,0,0,0,0,0,128,255,255,0,0,0,0,0,0,0,0,0,255,255,128,0,0,0,0,0,0,0,0,0,0,0,0,0,128,255,255,128,0,0,0,0,0,0,0,191,255,255,0,0,0,0,0,0,0,0,0,0,0,0,0,0,64,255,255,191,0,0,0,0,0,128,191,255,255,191,0,0,0,0,0,0,0,0,0,0,0,0,0,0,0,128,255,255,255,128,128,191,255,255,255,255,191,0,0,0,0,0,0,0,0,0,0,0,0,0,0,0,0,0,128,255,255,255,255,255,255,255,191,128,0,0,0,0,0,0,0,0,0,0,0,0,0,0,0,0,0,0,0,64,128,255,255,255,128,64,0,0,0,0,0,0,0,0,0,0,0,0,0,0,0,0,0,0,0,0,0,0,0,0,0,0,0,0,0,0,0,0,0,0,0,0,0,0,0,0,0,0,0,0,0,0,0,0,0,0,0,0,0,0,0,0,0,0,0,0,0,0,0,0,0,0,0,0,0,0,0,0,0,0,0,0,0,0,0,0,0,0,0,0,0,0,0,0,0,0,0,0,0,0,0,0,0,0,trois
0,0,0,0,0,0,0,0,0,0,0,0,0,0,0,0,0,0,0,0,0,0,0,0,0,0,0,0,0,0,0,0,0,0,0,0,0,0,0,0,0,0,0,0,0,0,0,0,0,0,0,0,0,0,0,0,0,0,0,0,0,0,0,0,0,0,0,0,0,0,0,0,0,0,0,0,0,0,0,0,0,0,0,0,0,0,0,0,0,0,0,0,0,0,0,0,0,0,0,0,0,0,0,0,0,0,0,0,0,0,0,0,0,0,0,0,0,0,0,0,0,0,63,110,233,253,253,255,253,253,253,255,211,31,0,0,0,0,0,0,0,0,0,0,0,0,0,0,0,73,237,253,252,231,66,98,200,252,252,253,252,206,31,0,0,0,0,0,0,0,0,0,0,0,0,0,0,160,252,237,215,132,92,0,21,71,71,217,247,252,108,0,0,0,0,0,0,0,0,0,0,0,0,0,0,16,108,62,0,0,0,0,0,0,0,1,217,252,108,0,0,0,0,0,0,0,0,0,0,0,0,0,0,0,0,0,0,0,0,0,0,0,0,253,252,215,0,0,0,0,0,0,0,0,0,0,0,0,0,0,0,0,0,0,0,0,0,0,0,53,155,253,252,174,0,0,0,0,0,0,0,0,0,0,0,0,0,0,0,0,0,0,0,0,0,16,78,232,252,253,200,20,0,0,0,0,0,0,0,0,0,0,0,0,0,0,0,0,0,0,0,0,0,191,252,252,252,253,97,0,0,0,0,0,0,0,0,0,0,0,0,0,0,0,0,0,0,0,0,99,253,255,253,253,191,0,0,0,0,0,0,0,0,0,0,0,0,0,0,0,0,0,0,0,0,0,0,181,252,253,252,252,232,0,0,0,0,0,0,0,0,0,0,0,0,0,0,0,0,0,0,0,0,0,0,72,215,232,252,252,252,120,5,0,0,0,0,0,0,0,0,0,0,0,0,0,0,0,0,0,0,0,0,0,0,47,108,211,252,253,35,0,0,0,0,0,0,0,0,0,0,0,0,0,0,0,0,0,0,0,0,0,0,0,0,182,253,255,35,0,0,0,0,0,0,0,0,0,0,0,0,0,0,0,0,0,0,0,0,0,0,0,0,181,252,253,35,0,0,0,0,0,0,0,0,0,0,37,26,0,0,0,0,0,0,0,0,0,0,0,11,191,252,253,138,0,0,0,0,0,0,0,0,0,0,253,179,0,0,0,0,0,0,0,0,0,0,0,155,252,252,253,97,0,0,0,0,0,0,0,0,0,0,255,253,133,0,0,0,0,0,0,0,16,109,171,253,253,253,84,0,0,0,0,0,0,0,0,0,0,0,253,252,247,217,217,93,73,73,135,217,222,252,253,252,252,210,0,0,0,0,0,0,0,0,0,0,0,0,133,226,252,252,252,252,252,252,253,252,252,252,237,215,112,31,0,0,0,0,0,0,0,0,0,0,0,0,0,31,108,190,252,252,252,252,253,252,231,108,62,0,0,0,0,0,0,0,0,0,0,0,0,0,0,0,0,0,0,0,0,0,0,0,0,0,0,0,0,0,0,0,0,0,0,0,0,0,0,0,0,0,0,0,0,0,0,0,0,0,0,0,0,0,0,0,0,0,0,0,0,0,0,0,0,0,0,0,0,0,0,0,0,0,0,0,0,0,0,0,0,0,0,0,0,0,0,0,0,0,0,0,0,0,0,0,0,0,0,0,0,0,0,0,0,0,0,0,0,0,0,0,0,0,0,0,0,0,0,0,0,0,0,0,0,trois
0,0,0,0,0,0,0,0,0,0,0,0,0,0,0,0,0,0,0,0,0,0,0,0,0,0,0,0,0,0,0,0,0,0,0,0,0,0,0,0,0,0,0,0,0,0,0,0,0,0,0,0,0,0,0,0,0,0,0,0,0,0,0,0,0,0,0,0,0,0,0,0,0,0,0,0,0,0,0,0,0,0,0,0,0,0,0,0,0,0,0,0,0,0,0,0,0,0,0,0,0,0,0,0,0,0,0,0,0,0,0,0,0,0,0,0,0,0,0,0,0,0,0,0,0,0,0,0,0,0,0,0,0,0,0,0,0,0,0,0,0,0,0,0,0,13,255,255,163,7,7,7,95,130,130,130,130,130,130,19,0,0,0,0,0,0,0,0,0,0,0,0,0,12,248,253,253,253,253,253,253,253,253,253,253,253,253,203,12,0,0,0,0,0,0,0,0,0,0,0,0,0,133,253,251,235,152,196,235,235,140,111,150,235,235,82,0,0,0,0,0,0,0,0,0,0,0,0,0,0,19,253,225,22,0,0,0,0,0,0,0,0,0,0,0,0,0,0,0,0,0,0,0,0,0,0,0,0,8,189,253,239,53,0,0,0,0,0,0,0,0,0,0,0,0,0,0,0,0,0,0,0,0,0,0,0,0,67,239,253,192,70,0,0,0,0,0,0,0,0,0,0,0,0,0,0,0,0,0,0,0,0,0,0,0,0,68,237,253,236,167,167,167,167,167,126,28,0,0,0,0,0,0,0,0,0,0,0,0,0,0,0,0,0,0,70,236,253,253,253,253,253,253,253,224,126,5,0,0,0,0,0,0,0,0,0,0,0,0,0,0,0,0,0,70,236,186,74,74,74,114,197,245,253,135,4,0,0,0,0,0,0,0,0,0,0,0,0,0,0,0,0,0,47,20,0,0,0,0,0,104,246,253,48,0,0,0,0,0,0,0,0,0,0,0,0,0,0,0,0,0,0,0,0,0,0,0,0,0,223,253,226,9,0,0,0,0,0,0,0,0,0,0,0,0,0,0,0,0,0,0,0,0,0,0,0,0,187,253,253,12,0,0,0,0,0,0,0,0,0,0,44,81,34,0,0,0,0,0,0,0,0,0,0,0,20,234,253,112,0,0,0,0,0,0,0,0,0,0,136,253,147,0,0,0,0,0,0,0,0,0,0,0,0,230,253,135,0,0,0,0,0,0,0,0,0,0,92,253,250,191,0,0,0,0,0,0,0,0,0,0,37,238,253,29,0,0,0,0,0,0,0,0,0,0,2,108,253,222,0,0,0,0,0,0,0,0,0,0,209,253,209,7,0,0,0,0,0,0,0,0,0,0,0,2,159,250,135,0,0,0,0,0,0,0,37,212,250,209,22,0,0,0,0,0,0,0,0,0,0,0,0,0,11,108,251,154,36,0,0,0,0,130,181,253,253,148,0,0,0,0,0,0,0,0,0,0,0,0,0,0,0,17,135,213,246,242,181,242,242,251,253,152,26,7,0,0,0,0,0,0,0,0,0,0,0,0,0,0,0,0,0,4,91,156,253,253,253,153,87,1,0,0,0,0,0,0,0,0,0,0,0,0,0,0,0,0,0,0,0,0,0,0,0,0,0,0,0,0,0,0,0,0,0,0,0,0,0,0,0,0,0,0,0,0,0,0,0,0,0,0,0,0,0,0,0,0,0,0,0,0,0,0,0,0,0,0,0,0,0,0,0,0,0,0,0,0,0,0,0,0,0,0,0,0,0,0,0,0,0,0,0,0,0,cinq
0,0,0,0,0,0,0,0,0,0,0,0,0,0,0,0,0,0,0,0,0,0,0,0,0,0,0,0,0,0,0,0,0,0,0,0,0,0,0,0,0,0,0,0,0,0,0,0,0,0,0,0,0,0,0,0,0,0,0,0,0,0,0,0,0,0,0,0,0,0,0,0,0,0,0,0,0,0,0,0,0,0,0,0,0,0,0,0,0,0,0,0,0,0,0,0,0,0,0,0,0,0,0,0,0,0,0,0,0,0,0,0,0,0,0,0,0,0,0,0,0,0,0,0,0,0,0,0,0,0,0,0,0,0,0,0,0,0,0,0,0,0,0,0,0,0,0,0,0,0,0,0,0,0,0,0,0,0,0,0,0,0,0,0,0,0,0,0,0,0,0,0,0,0,0,0,0,0,0,0,0,0,0,0,0,0,0,0,0,0,0,0,0,0,0,0,0,0,0,0,0,0,0,0,0,0,0,0,0,0,10,40,137,196,196,137,136,136,174,136,0,0,0,0,0,0,0,0,0,0,0,0,0,0,0,0,0,0,134,253,253,253,253,254,253,253,253,253,0,0,0,0,0,0,0,0,0,0,0,0,0,0,0,0,0,46,255,254,213,180,98,76,76,0,91,23,0,0,0,0,0,0,0,0,0,0,0,0,0,0,0,7,50,244,254,145,12,0,0,0,0,0,0,0,0,0,0,0,0,0,0,0,0,0,0,0,0,0,0,48,245,253,254,136,0,0,0,0,0,0,0,0,0,0,0,0,0,0,0,0,0,0,0,0,0,0,19,240,253,253,254,251,166,26,0,0,0,0,0,0,0,0,0,0,0,0,0,0,0,0,0,0,0,0,50,223,253,177,155,238,253,169,23,0,0,0,0,0,0,0,0,0,0,0,0,0,0,23,0,0,0,0,0,0,0,0,0,83,183,238,96,0,0,0,0,0,0,0,0,0,0,0,0,0,35,160,68,0,0,0,0,0,0,0,0,0,48,245,193,0,0,0,0,0,0,0,0,0,0,0,0,0,186,173,0,0,0,0,0,0,0,0,0,0,79,245,162,0,0,0,0,0,0,0,0,0,0,0,0,0,216,161,57,0,0,0,0,0,0,0,0,49,247,247,49,0,0,0,0,0,0,0,0,0,0,0,0,0,216,253,235,180,98,0,0,0,0,38,121,244,253,191,23,0,0,0,0,0,0,0,0,0,0,0,0,0,23,106,236,254,254,255,254,254,254,254,255,226,135,0,0,0,0,0,0,0,0,0,0,0,0,0,0,0,0,0,27,91,135,158,233,233,233,233,151,21,0,0,0,0,0,0,0,0,0,0,0,0,0,0,0,0,0,0,0,0,0,0,0,0,0,0,0,0,0,0,0,0,0,0,0,0,0,0,0,0,0,0,0,0,0,0,0,0,0,0,0,0,0,0,0,0,0,0,0,0,0,0,0,0,0,0,0,0,0,0,0,0,0,0,0,0,0,0,0,0,0,0,0,0,0,0,0,0,0,0,0,0,0,0,0,0,0,0,0,0,0,0,0,0,0,0,0,0,0,0,0,0,0,0,0,0,0,0,0,0,0,0,0,0,0,0,0,0,0,0,0,0,0,0,0,0,0,0,0,0,0,0,0,0,0,0,0,0,0,0,0,0,0,0,0,0,0,0,0,0,0,0,0,0,0,0,0,0,0,0,0,0,0,0,0,0,0,0,0,0,0,0,0,0,0,0,0,0,0,0,0,0,0,0,0,0,0,0,0,0,0,0,0,0,0,0,0,0,cinq
0,0,0,0,0,0,0,0,0,0,0,0,0,0,0,0,0,0,0,0,0,0,0,0,0,0,0,0,0,0,0,0,0,0,0,0,0,0,0,0,0,0,0,0,0,0,0,0,0,0,0,0,0,0,0,0,0,0,0,0,0,0,0,0,0,0,0,0,0,0,0,0,0,0,0,0,0,0,0,0,0,0,0,0,0,0,0,0,0,0,0,0,0,0,0,0,0,0,0,0,0,0,0,0,0,0,0,0,0,0,0,0,0,0,0,0,0,0,0,0,0,0,0,0,0,77,118,118,173,255,221,35,0,0,0,0,0,0,0,0,0,0,0,0,0,0,0,0,0,0,0,64,234,246,253,253,253,253,253,142,37,0,0,0,0,0,0,0,0,0,0,0,0,0,0,0,0,0,0,185,253,253,251,214,181,243,253,253,96,0,0,0,0,0,0,0,0,0,0,0,0,0,0,0,0,0,0,102,243,183,60,30,3,220,253,253,96,0,0,0,0,0,0,0,0,0,0,0,0,0,0,0,0,0,0,23,66,0,0,0,33,225,253,206,31,0,0,0,0,0,0,0,0,0,0,0,0,0,0,0,0,0,0,0,0,0,0,75,248,253,250,71,0,0,0,0,0,0,0,0,0,0,0,0,0,0,0,0,0,0,0,0,0,0,75,190,253,210,93,0,0,0,0,0,0,0,0,0,0,0,0,0,0,0,0,0,0,0,0,0,0,27,251,253,253,111,0,0,0,0,0,0,0,0,0,0,0,0,0,0,0,0,0,0,0,0,0,0,92,230,253,253,160,4,0,0,0,0,0,0,0,0,0,0,0,0,0,0,0,0,0,0,0,0,0,19,204,253,253,253,234,65,0,0,0,0,0,0,0,0,0,0,0,0,0,0,0,0,0,0,0,0,0,19,94,205,205,228,253,231,66,0,0,0,0,0,0,0,0,0,0,0,0,0,0,0,0,0,0,0,0,0,0,0,0,111,252,253,191,0,0,0,0,0,0,0,0,0,0,0,0,0,0,0,0,0,0,0,0,0,0,0,0,0,241,253,191,0,0,0,0,0,0,0,0,0,0,0,0,0,0,0,0,0,0,0,0,0,0,0,4,125,247,253,125,0,0,0,0,0,0,0,0,0,0,0,0,0,0,0,0,0,0,0,0,0,0,12,104,183,253,253,54,0,0,0,0,0,0,0,0,0,0,0,0,0,70,83,27,0,0,0,0,0,16,176,253,253,253,62,8,0,0,0,0,0,0,0,0,0,0,0,0,24,223,253,217,118,31,61,63,63,173,253,251,191,135,8,0,0,0,0,0,0,0,0,0,0,0,0,0,29,202,253,253,253,215,252,253,253,253,253,250,71,0,0,0,0,0,0,0,0,0,0,0,0,0,0,0,0,29,199,232,245,253,253,253,253,253,150,93,0,0,0,0,0,0,0,0,0,0,0,0,0,0,0,0,0,0,0,0,70,116,250,204,153,152,41,0,0,0,0,0,0,0,0,0,0,0,0,0,0,0,0,0,0,0,0,0,0,0,0,0,0,0,0,0,0,0,0,0,0,0,0,0,0,0,0,0,0,0,0,0,0,0,0,0,0,0,0,0,0,0,0,0,0,0,0,0,0,0,0,0,0,0,0,0,0,0,0,0,0,0,0,0,0,0,0,0,0,0,0,0,0,0,0,0,0,0,0,0,0,0,0,0,0,0,0,0,0,0,0,0,0,0,0,0,0,0,0,0,0,0,0,0,0,0,0,0,0,0,0,0,0,trois
0,0,0,0,0,0,0,0,0,0,0,0,0,0,0,0,0,0,0,0,0,0,0,0,0,0,0,0,0,0,0,0,0,0,0,0,0,0,0,0,0,0,0,0,0,0,0,0,0,0,0,0,0,0,0,0,0,0,0,0,0,0,0,0,0,0,0,0,0,0,0,0,0,0,0,0,0,0,0,0,0,0,0,0,0,0,0,0,0,0,0,0,0,0,0,0,0,0,0,0,0,0,0,0,0,0,0,0,0,0,0,0,0,0,0,0,0,0,0,0,0,0,0,0,0,0,0,0,0,0,0,0,0,0,0,0,0,0,0,0,0,0,0,0,0,0,0,0,49,125,168,254,254,254,254,160,38,0,0,0,0,0,0,0,0,0,0,0,0,0,0,0,0,0,0,163,250,253,253,253,253,253,253,253,205,0,0,0,0,0,0,0,0,0,0,0,0,0,0,0,0,0,106,252,253,253,253,253,253,253,253,253,251,80,0,0,0,0,0,0,0,0,0,0,0,0,0,0,0,0,66,246,253,253,218,149,149,176,253,253,253,205,0,0,0,0,0,0,0,0,0,0,0,0,0,0,0,0,0,144,155,42,17,0,0,116,253,253,235,65,0,0,0,0,0,0,0,0,0,0,0,0,0,0,0,0,0,0,0,0,0,0,177,246,253,253,207,0,0,0,0,0,0,0,0,0,0,0,0,0,0,0,0,0,0,0,0,0,73,215,246,253,253,253,97,0,0,0,0,0,0,0,0,0,0,0,0,0,0,0,0,0,0,0,0,0,192,253,253,253,253,253,199,26,0,0,0,0,0,0,0,0,0,0,0,0,0,0,0,0,0,0,0,0,215,253,253,253,253,253,253,219,110,0,0,0,0,0,0,0,0,0,0,0,0,0,0,0,0,0,0,0,115,253,253,253,253,253,253,253,246,175,0,0,0,0,0,0,0,0,0,0,0,0,0,0,0,0,0,0,22,65,65,65,95,194,235,253,253,247,108,0,0,0,0,0,0,0,0,0,0,0,0,0,0,0,0,0,0,0,0,0,0,0,50,166,253,253,234,0,0,0,0,0,0,0,0,0,0,0,0,0,0,0,0,0,0,0,0,0,0,0,0,12,190,253,247,77,0,0,0,0,0,0,0,0,0,0,0,0,0,0,0,0,0,0,0,0,0,0,0,0,163,253,253,110,0,0,0,0,0,0,0,0,0,0,0,0,0,0,0,0,0,0,0,0,0,0,0,6,175,253,253,110,0,0,0,0,0,0,0,0,0,0,0,0,0,0,24,27,18,0,0,0,0,0,5,128,253,253,251,99,0,0,0,0,0,0,0,0,0,0,0,0,0,0,228,253,219,150,150,50,20,47,169,253,253,253,223,0,0,0,0,0,0,0,0,0,0,0,0,0,0,0,222,253,253,253,253,253,253,253,253,253,253,232,45,0,0,0,0,0,0,0,0,0,0,0,0,0,0,0,45,117,227,249,253,253,253,253,253,252,162,45,0,0,0,0,0,0,0,0,0,0,0,0,0,0,0,0,0,0,0,39,159,253,253,253,230,104,0,0,0,0,0,0,0,0,0,0,0,0,0,0,0,0,0,0,0,0,0,0,0,0,0,0,0,0,0,0,0,0,0,0,0,0,0,0,0,0,0,0,0,0,0,0,0,0,0,0,0,0,0,0,0,0,0,0,0,0,0,0,0,0,0,0,0,0,0,0,0,0,0,0,0,0,0,0,0,0,0,0,0,0,0,0,0,0,0,0,0,0,0,0,trois
0,0,0,0,0,0,0,0,0,0,0,0,0,0,0,0,0,0,0,0,0,0,0,0,0,0,0,0,0,0,0,0,0,0,0,0,0,0,0,0,0,0,0,0,0,0,0,0,0,0,0,0,0,0,0,0,0,0,0,0,0,0,0,0,0,0,0,0,0,0,0,0,0,0,0,0,0,0,0,0,0,0,0,0,0,0,0,0,0,0,0,0,0,0,0,0,0,0,0,0,0,0,0,0,0,0,0,0,0,0,0,0,0,0,0,0,0,0,0,0,0,0,0,0,0,0,0,0,0,0,0,0,0,0,0,0,0,0,0,0,0,0,0,0,0,0,0,0,0,0,0,0,0,0,0,0,0,0,0,0,0,0,0,0,0,0,0,0,0,0,0,0,0,0,0,0,0,0,3,55,0,0,0,18,67,67,67,153,177,158,18,0,0,0,0,0,0,0,0,0,0,0,0,0,0,0,146,246,210,210,211,221,253,253,253,253,253,253,66,0,0,0,0,0,0,0,0,0,0,0,0,0,5,196,253,253,253,253,232,231,231,231,231,192,121,54,3,0,0,0,0,0,0,0,0,0,0,0,0,5,147,253,253,200,105,95,0,0,0,0,0,0,0,0,0,0,0,0,0,0,0,0,0,0,0,0,0,23,253,253,253,220,216,206,137,89,89,4,0,0,0,0,0,0,0,0,0,0,0,0,0,0,0,0,0,23,253,253,253,253,253,253,254,253,253,223,50,8,0,0,0,0,0,0,0,0,0,0,0,0,0,0,0,9,99,185,204,99,99,99,100,176,209,252,253,180,43,0,0,0,0,0,0,0,0,0,0,0,0,0,0,0,0,0,0,0,0,0,0,0,0,121,227,253,251,121,20,0,0,0,0,0,0,0,0,0,0,0,0,0,0,0,0,0,0,0,0,0,0,0,22,120,244,253,147,15,0,0,0,0,0,0,0,0,0,0,0,0,0,0,0,0,0,0,0,0,0,0,0,0,59,242,254,96,0,0,0,0,0,0,0,0,82,177,31,0,0,0,0,0,0,0,0,0,0,0,0,0,0,78,253,172,0,0,0,0,0,0,0,0,254,253,174,4,0,0,0,0,0,0,0,0,0,0,0,0,0,45,253,253,0,0,0,0,0,0,0,0,135,247,253,176,18,0,0,0,0,0,0,0,0,0,0,0,1,112,253,253,0,0,0,0,0,0,0,0,0,91,220,253,234,80,5,0,0,0,0,0,0,0,0,20,113,253,253,181,0,0,0,0,0,0,0,0,0,0,65,211,253,253,204,131,89,12,0,0,0,86,161,218,253,253,188,45,0,0,0,0,0,0,0,0,0,0,0,21,204,246,253,253,253,235,185,232,232,253,253,253,238,113,6,0,0,0,0,0,0,0,0,0,0,0,0,0,0,35,151,209,223,253,255,253,253,250,209,170,9,0,0,0,0,0,0,0,0,0,0,0,0,0,0,0,0,0,0,0,20,66,115,66,66,60,0,0,0,0,0,0,0,0,0,0,0,0,0,0,0,0,0,0,0,0,0,0,0,0,0,0,0,0,0,0,0,0,0,0,0,0,0,0,0,0,0,0,0,0,0,0,0,0,0,0,0,0,0,0,0,0,0,0,0,0,0,0,0,0,0,0,0,0,0,0,0,0,0,0,0,0,0,0,0,0,0,0,0,0,0,0,0,0,0,0,0,0,0,0,0,0,0,0,0,0,0,0,0,0,0,0,0,0,0,0,0,0,0,0,0,0,0,0,0,0,0,0,cinq
0,0,0,0,0,0,0,0,0,0,0,0,0,0,0,0,0,0,0,0,0,0,0,0,0,0,0,0,0,0,0,0,0,0,0,0,0,0,0,0,0,0,0,0,0,0,0,0,0,0,0,0,0,0,0,0,0,0,0,0,0,0,0,0,0,0,0,0,0,0,0,0,0,0,0,0,0,0,0,0,0,0,0,0,0,0,0,0,0,0,0,0,0,0,0,0,0,0,0,0,0,0,0,0,0,0,0,0,0,0,0,0,0,0,0,0,0,0,0,0,0,0,0,0,0,0,0,0,0,0,0,0,0,0,0,0,0,0,0,0,0,0,0,0,0,0,0,0,0,0,0,0,0,141,226,226,57,0,0,0,0,0,0,0,0,0,0,0,0,0,0,0,0,0,57,170,170,226,170,255,255,255,255,226,29,0,0,0,0,0,0,0,0,0,0,0,0,0,0,0,0,0,141,255,255,255,226,170,141,114,29,0,0,0,0,0,0,0,0,0,0,0,0,0,0,0,0,0,0,0,0,141,255,86,0,0,0,0,0,0,0,0,0,0,0,0,0,0,0,0,0,0,0,0,0,0,0,0,0,0,226,141,0,0,0,0,0,0,0,0,0,0,0,0,0,0,0,0,0,0,0,0,0,0,0,0,0,0,141,255,29,0,0,0,0,0,0,0,0,0,0,0,0,0,0,0,0,0,0,0,0,0,0,0,0,0,86,255,114,0,0,57,86,86,57,29,0,0,0,0,0,0,0,0,0,0,0,0,0,0,0,0,0,0,29,255,226,114,226,255,255,255,255,255,170,29,0,0,0,0,0,0,0,0,0,0,0,0,0,0,0,0,0,170,255,255,198,170,86,29,114,141,226,226,29,0,0,0,0,0,0,0,0,0,0,0,0,0,0,0,0,86,170,57,0,0,0,0,0,0,86,255,198,29,0,0,0,0,0,0,0,0,0,0,0,0,0,0,0,0,0,0,0,0,0,0,0,0,0,114,255,86,0,0,0,0,0,0,0,0,0,0,0,0,0,0,0,0,0,0,0,0,0,0,0,0,0,0,255,86,0,0,0,0,0,0,0,0,0,0,0,0,0,0,0,0,0,0,0,0,0,0,0,0,0,0,255,170,0,0,0,0,0,0,0,0,0,0,0,0,0,0,0,0,0,0,0,0,0,0,0,0,0,0,255,114,0,0,0,0,0,0,0,0,0,0,0,0,0,0,0,0,0,0,0,0,0,0,0,0,0,29,255,86,0,0,0,0,0,0,0,0,0,0,0,0,0,0,0,0,0,0,0,0,0,0,0,0,0,170,255,29,0,0,0,0,0,0,0,0,0,0,0,0,0,0,0,0,29,170,0,0,0,0,0,0,57,255,198,0,0,0,0,0,0,0,0,0,0,0,0,0,0,0,0,0,0,226,170,57,0,0,0,57,226,255,86,0,0,0,0,0,0,0,0,0,0,0,0,0,0,0,0,0,0,86,226,255,226,170,170,226,226,86,0,0,0,0,0,0,0,0,0,0,0,0,0,0,0,0,0,0,0,0,29,114,198,255,255,198,29,0,0,0,0,0,0,0,0,0,0,0,0,0,0,0,0,0,0,0,0,0,0,0,0,0,0,0,0,0,0,0,0,0,0,0,0,0,0,0,0,0,0,0,0,0,0,0,0,0,0,0,0,0,0,0,0,0,0,0,0,0,0,0,0,0,0,0,0,0,0,0,0,0,0,0,0,0,0,0,0,0,0,0,0,0,0,0,0,0,0,0,0,0,cinq
0,0,0,0,0,0,0,0,0,0,0,0,0,0,0,0,0,0,0,0,0,0,0,0,0,0,0,0,0,0,0,0,0,0,0,0,0,0,0,0,0,0,0,0,0,0,0,0,0,0,0,0,0,0,0,0,0,0,0,0,0,0,0,0,0,0,0,0,0,0,0,0,0,0,0,0,0,0,0,0,0,0,0,0,0,0,0,0,0,0,0,0,0,0,0,0,0,0,0,0,0,0,0,0,0,0,0,0,0,0,0,0,0,0,0,0,0,0,0,0,0,0,0,0,0,0,0,67,118,248,255,146,35,0,0,0,0,0,0,0,0,0,0,0,0,0,0,0,0,0,0,87,133,234,219,112,253,253,253,253,224,52,0,0,0,0,0,0,0,0,0,0,0,0,0,0,0,0,33,235,253,253,253,210,177,177,202,253,234,52,0,0,0,0,0,0,0,0,0,0,0,0,0,0,0,0,27,158,253,213,109,27,0,0,113,253,234,52,0,0,0,0,0,0,0,0,0,0,0,0,0,0,0,0,0,73,82,22,0,0,0,33,225,253,234,52,0,0,0,0,0,0,0,0,0,0,0,0,0,0,0,0,0,0,0,0,0,1,14,241,253,250,200,0,0,0,0,0,0,0,0,0,0,0,0,0,0,0,0,0,0,0,0,0,0,4,186,253,253,191,0,0,0,0,0,0,0,0,0,0,0,0,0,0,0,0,0,0,0,0,0,0,12,188,250,253,172,5,0,0,0,0,0,0,0,0,0,0,0,0,0,0,0,0,0,0,0,0,0,166,230,253,253,197,79,0,0,0,0,0,0,0,0,0,0,0,0,0,0,0,0,0,0,0,0,0,38,222,253,253,253,253,193,15,0,0,0,0,0,0,0,0,0,0,0,0,0,0,0,0,0,0,0,0,0,150,205,130,205,251,208,51,0,0,0,0,0,0,0,0,0,0,0,0,0,0,0,0,0,0,0,0,0,0,0,0,68,247,253,117,0,0,0,0,0,0,0,0,0,0,0,0,0,0,0,0,0,0,0,0,0,0,0,4,141,248,253,117,0,0,0,0,0,0,0,0,0,0,0,0,0,0,0,0,0,0,0,0,0,0,0,71,187,253,213,98,0,0,0,0,0,0,0,0,0,0,0,0,40,219,58,0,0,0,0,0,0,0,68,189,253,211,102,0,0,0,0,0,0,0,0,0,0,0,0,0,97,253,198,27,0,0,0,0,0,16,120,253,253,206,18,0,0,0,0,0,0,0,0,0,0,0,0,0,45,231,253,217,118,31,0,0,51,99,253,253,223,114,0,0,0,0,0,0,0,0,0,0,0,0,0,0,29,128,253,253,253,215,179,179,239,253,253,230,109,0,0,0,0,0,0,0,0,0,0,0,0,0,0,0,0,29,129,253,253,253,253,253,253,249,217,41,0,0,0,0,0,0,0,0,0,0,0,0,0,0,0,0,0,0,26,116,198,182,190,239,253,130,0,0,0,0,0,0,0,0,0,0,0,0,0,0,0,0,0,0,0,0,0,0,0,0,0,0,0,0,0,0,0,0,0,0,0,0,0,0,0,0,0,0,0,0,0,0,0,0,0,0,0,0,0,0,0,0,0,0,0,0,0,0,0,0,0,0,0,0,0,0,0,0,0,0,0,0,0,0,0,0,0,0,0,0,0,0,0,0,0,0,0,0,0,0,0,0,0,0,0,0,0,0,0,0,0,0,0,0,0,0,0,0,0,0,0,0,0,0,0,0,0,0,0,0,0,0,trois
0,0,0,0,0,0,0,0,0,0,0,0,0,0,0,0,0,0,0,0,0,0,0,0,0,0,0,0,0,0,0,0,0,0,0,0,0,0,0,0,0,0,0,0,0,0,0,0,0,0,0,0,0,0,0,0,0,0,0,0,0,0,0,0,0,0,0,0,0,0,0,0,0,0,0,0,0,0,0,0,0,0,0,0,0,0,0,0,0,0,0,0,0,0,0,0,0,0,0,0,0,0,0,0,0,0,0,0,0,0,0,0,0,0,0,0,0,0,0,0,0,0,0,0,0,92,254,254,254,255,254,254,168,54,0,0,0,0,0,0,0,0,0,0,0,0,0,0,0,0,0,0,45,246,253,253,253,253,253,253,253,168,0,0,0,0,0,0,0,0,0,0,0,0,0,0,0,0,0,38,201,253,253,216,122,40,208,253,253,137,0,0,0,0,0,0,0,0,0,0,0,0,0,0,0,0,0,0,71,183,61,31,0,18,211,253,249,91,0,0,0,0,0,0,0,0,0,0,0,0,0,0,0,0,0,0,0,0,0,0,15,106,253,248,201,0,0,0,0,0,0,0,0,0,0,0,0,0,0,0,0,0,0,0,0,0,1,14,56,235,253,234,52,0,0,0,0,0,0,0,0,0,0,0,0,0,0,0,0,0,0,0,0,0,4,186,253,253,253,212,0,0,0,0,0,0,0,0,0,0,0,0,0,0,0,0,0,0,0,0,81,200,248,250,253,217,35,5,0,0,0,0,0,0,0,0,0,0,0,0,0,0,0,0,0,0,0,62,246,253,253,253,253,97,0,0,0,0,0,0,0,0,0,0,0,0,0,0,0,0,0,0,0,0,0,51,235,253,253,253,253,193,15,0,0,0,0,0,0,0,0,0,0,0,0,0,0,0,0,0,0,0,0,0,50,68,68,134,225,253,154,0,0,0,0,0,0,0,0,0,0,0,0,0,0,0,0,0,0,0,0,0,0,0,0,0,104,253,191,0,0,0,0,0,0,0,0,0,0,0,0,0,0,0,0,0,0,0,0,0,0,0,0,4,108,253,226,43,0,0,0,0,0,0,0,0,0,0,0,0,0,0,0,0,0,0,0,0,0,0,4,187,253,253,155,39,0,0,0,0,0,0,0,0,0,0,0,40,104,25,0,0,0,0,0,0,0,12,182,253,253,219,32,0,0,0,0,0,0,0,0,0,0,0,39,222,253,61,0,0,0,0,0,0,61,176,253,253,219,41,0,0,0,0,0,0,0,0,0,0,0,0,118,253,253,108,29,25,0,0,22,100,239,253,253,253,42,0,0,0,0,0,0,0,0,0,0,0,0,0,192,253,253,253,213,209,179,179,205,253,253,249,208,75,4,0,0,0,0,0,0,0,0,0,0,0,0,0,44,222,232,248,253,253,253,253,253,253,212,85,0,0,0,0,0,0,0,0,0,0,0,0,0,0,0,0,0,0,0,89,116,116,116,116,116,116,31,0,0,0,0,0,0,0,0,0,0,0,0,0,0,0,0,0,0,0,0,0,0,0,0,0,0,0,0,0,0,0,0,0,0,0,0,0,0,0,0,0,0,0,0,0,0,0,0,0,0,0,0,0,0,0,0,0,0,0,0,0,0,0,0,0,0,0,0,0,0,0,0,0,0,0,0,0,0,0,0,0,0,0,0,0,0,0,0,0,0,0,0,0,0,0,0,0,0,0,0,0,0,0,0,0,0,0,0,0,0,0,0,0,0,0,0,0,0,0,0,0,0,0,0,0,0,0,trois
0,0,0,0,0,0,0,0,0,0,0,0,0,0,0,0,0,0,0,0,0,0,0,0,0,0,0,0,0,0,0,0,0,0,0,0,0,0,0,0,0,0,0,0,0,0,0,0,0,0,0,0,0,0,0,0,0,0,0,0,0,0,0,0,0,0,0,0,0,0,0,0,0,0,0,0,0,0,0,0,0,0,0,0,0,0,0,0,0,0,0,0,0,0,0,0,0,0,0,0,0,0,0,0,0,0,0,0,0,0,0,0,0,0,0,0,0,0,0,0,0,0,0,0,0,0,0,0,0,0,0,0,0,0,0,0,0,0,0,0,0,0,0,0,0,0,0,0,0,0,0,0,0,0,30,91,154,255,254,122,91,91,38,0,0,0,0,0,0,0,0,0,0,0,0,0,0,0,0,0,5,17,200,253,253,253,253,253,253,253,211,11,0,0,0,0,0,0,0,0,0,0,0,0,0,0,0,0,135,253,253,253,253,253,253,253,253,229,146,9,0,0,0,0,0,0,0,0,0,0,0,0,0,0,7,124,248,253,253,230,156,56,56,56,56,44,0,0,0,0,0,0,0,0,0,0,0,0,0,0,0,0,50,253,253,253,213,42,0,0,0,0,0,0,0,0,0,0,0,0,0,0,0,0,0,0,0,0,7,50,195,253,253,222,31,0,0,0,0,0,0,0,0,0,0,0,0,0,0,0,0,0,0,0,0,0,33,253,253,253,217,44,0,0,0,0,0,0,0,0,0,0,0,0,0,0,0,0,0,0,0,0,0,0,76,253,253,253,204,66,45,0,0,0,0,0,0,0,0,0,0,0,0,0,0,0,0,0,0,0,0,66,231,253,253,253,253,253,221,156,156,156,86,0,0,0,0,0,0,0,0,0,0,0,0,0,0,0,17,249,253,253,253,253,253,253,253,253,253,253,250,220,40,0,0,0,0,0,0,0,0,0,0,0,0,0,17,253,253,253,253,253,253,253,253,253,253,253,253,253,122,0,0,0,0,0,0,0,0,0,0,0,0,0,17,253,253,253,234,154,154,154,154,154,193,253,253,253,122,0,0,0,0,0,0,0,0,0,0,0,0,0,5,65,65,65,52,0,0,0,0,0,99,253,253,253,122,0,0,0,0,0,0,0,0,0,0,0,0,0,0,0,0,0,0,0,0,0,0,79,169,253,253,234,67,0,0,0,0,0,0,0,0,0,0,0,0,0,0,0,0,21,34,0,0,0,94,238,253,253,234,71,0,0,0,0,0,0,0,0,0,0,0,0,0,0,0,0,18,190,203,0,0,82,250,253,253,253,138,0,0,0,0,0,0,0,0,0,0,0,0,0,0,0,0,0,33,253,247,131,101,241,253,253,253,194,18,0,0,0,0,0,0,0,0,0,0,0,0,0,0,0,0,0,14,177,253,253,253,253,253,253,195,27,0,0,0,0,0,0,0,0,0,0,0,0,0,0,0,0,0,0,0,88,193,253,253,253,253,197,10,0,0,0,0,0,0,0,0,0,0,0,0,0,0,0,0,0,0,0,0,0,18,179,253,253,94,29,0,0,0,0,0,0,0,0,0,0,0,0,0,0,0,0,0,0,0,0,0,0,0,0,0,0,0,0,0,0,0,0,0,0,0,0,0,0,0,0,0,0,0,0,0,0,0,0,0,0,0,0,0,0,0,0,0,0,0,0,0,0,0,0,0,0,0,0,0,0,0,0,0,0,0,0,0,0,0,0,0,0,0,0,0,0,0,0,0,0,0,0,0,0,0,0,cinq
0,0,0,0,0,0,0,0,0,0,0,0,0,0,0,0,0,0,0,0,0,0,0,0,0,0,0,0,0,0,0,0,0,0,0,0,0,0,0,0,0,0,0,0,0,0,0,0,0,0,0,0,0,0,0,0,0,0,0,0,0,0,0,0,0,0,0,0,0,0,0,0,0,0,0,0,0,0,0,0,0,0,0,0,0,0,0,0,0,0,0,0,0,0,0,0,0,0,0,0,0,0,0,0,0,0,0,0,0,0,0,0,0,0,0,0,0,0,0,0,14,80,80,153,250,80,80,58,0,0,0,0,0,0,0,0,0,0,0,0,0,0,0,0,0,0,0,0,154,254,254,254,254,254,254,228,66,0,0,0,0,0,0,0,0,0,0,0,0,0,0,0,0,0,0,0,178,254,254,254,254,254,254,254,245,24,0,0,0,0,0,0,0,0,0,0,0,0,0,0,0,0,0,0,20,114,114,114,114,114,206,254,254,124,0,0,0,0,0,0,0,0,0,0,0,0,0,0,0,0,0,0,0,0,0,0,2,106,243,254,254,171,0,0,0,0,0,0,0,0,0,0,0,0,0,0,0,0,0,0,0,0,0,0,95,254,254,254,254,25,0,0,0,0,0,0,0,0,0,0,0,0,0,0,0,0,0,0,0,0,0,0,167,254,254,254,254,166,0,0,0,0,0,0,0,0,0,0,0,0,0,0,0,0,0,0,0,0,0,0,6,185,254,254,254,224,51,0,0,0,0,0,0,0,0,0,0,0,0,0,0,0,0,0,0,0,0,0,0,24,70,70,70,230,219,38,0,0,0,0,0,0,0,0,0,0,0,0,0,0,0,0,0,0,0,0,0,0,0,0,0,54,254,219,0,0,0,0,0,0,0,0,0,0,0,0,0,0,0,0,0,0,0,0,0,0,0,0,0,54,254,219,0,0,0,0,0,0,0,0,0,0,0,0,0,0,0,0,0,0,0,0,0,0,0,0,0,54,254,254,136,0,0,0,0,0,0,0,0,0,0,0,0,0,0,0,0,0,0,0,0,0,0,0,0,54,254,254,207,36,0,0,0,0,0,0,0,0,0,0,0,0,0,0,0,0,0,0,0,0,0,0,0,91,254,254,231,48,0,0,0,0,0,0,0,0,0,0,0,0,0,0,0,0,0,0,0,0,0,0,79,243,254,254,139,0,0,0,0,0,0,0,0,0,0,0,0,0,0,0,0,0,0,0,0,0,0,60,237,254,254,225,24,0,0,0,0,0,0,0,0,0,0,0,0,0,28,52,0,0,0,0,0,40,116,153,254,254,254,139,0,0,0,0,0,0,0,0,0,0,0,0,0,0,62,221,194,194,194,194,194,215,254,254,254,214,61,11,0,0,0,0,0,0,0,0,0,0,0,0,0,0,39,211,254,254,254,254,254,254,254,254,254,134,0,0,0,0,0,0,0,0,0,0,0,0,0,0,0,0,0,44,231,254,254,254,254,254,254,205,78,8,0,0,0,0,0,0,0,0,0,0,0,0,0,0,0,0,0,0,0,0,0,0,0,0,0,0,0,0,0,0,0,0,0,0,0,0,0,0,0,0,0,0,0,0,0,0,0,0,0,0,0,0,0,0,0,0,0,0,0,0,0,0,0,0,0,0,0,0,0,0,0,0,0,0,0,0,0,0,0,0,0,0,0,0,0,0,0,0,0,0,0,0,0,0,0,0,0,0,0,0,0,0,0,0,0,0,0,0,0,0,0,0,0,0,0,0,0,0,0,0,0,0,trois
0,0,0,0,0,0,0,0,0,0,0,0,0,0,0,0,0,0,0,0,0,0,0,0,0,0,0,0,0,0,0,0,0,0,0,0,0,0,0,0,0,0,0,0,0,0,0,0,0,0,0,0,0,0,0,0,0,0,0,0,0,0,0,0,0,0,0,0,0,0,0,0,0,0,0,0,0,0,0,0,0,0,0,0,0,0,0,0,0,0,0,0,0,0,0,0,0,0,0,0,0,0,0,0,0,0,0,0,0,0,0,0,0,0,0,0,0,0,0,0,0,0,0,0,0,0,0,0,0,0,0,45,229,253,226,38,0,0,0,0,0,0,0,0,0,0,0,0,0,0,0,0,0,0,0,0,0,51,169,225,233,96,38,0,0,0,0,0,0,0,0,0,0,0,0,0,0,0,60,197,110,85,85,110,197,246,253,208,37,0,0,0,0,0,0,0,0,0,0,0,0,0,0,0,0,0,241,252,252,252,253,252,252,252,128,22,0,0,0,0,0,0,0,0,0,0,0,0,0,0,0,0,10,179,255,253,244,225,114,38,0,0,0,0,0,0,0,0,0,0,0,0,0,0,0,0,0,0,0,0,85,252,253,139,56,0,0,0,0,0,0,0,0,0,0,0,0,0,0,0,0,0,0,0,0,0,0,0,85,252,253,84,0,0,0,0,0,0,0,0,0,0,0,0,0,0,0,0,0,0,0,0,0,0,0,0,85,252,253,133,0,0,0,0,0,0,0,0,0,0,0,0,0,0,0,0,0,0,0,0,0,0,0,0,0,151,254,253,216,141,0,0,0,0,0,0,0,0,0,0,0,0,0,0,0,0,0,0,0,0,0,0,0,0,197,234,252,252,169,144,38,0,0,0,0,0,0,0,0,0,0,0,0,0,0,0,0,0,0,0,0,0,0,38,143,168,216,252,234,59,0,0,0,0,0,0,0,0,0,0,0,0,0,0,0,0,0,0,0,0,0,0,0,0,16,128,252,240,51,0,0,0,0,0,0,0,0,0,0,0,0,0,0,0,0,0,0,0,0,0,0,0,0,0,126,250,242,47,0,0,0,0,0,0,0,0,0,0,0,0,0,0,0,0,0,0,0,0,0,0,0,0,0,200,253,122,13,0,0,0,0,0,0,0,0,0,0,0,0,0,0,0,0,0,0,0,0,0,0,0,0,25,253,252,143,0,0,0,0,0,0,0,0,0,0,0,0,0,0,0,38,113,0,0,0,0,0,0,0,0,153,252,168,0,0,0,0,0,0,0,0,0,0,0,0,0,0,0,85,253,76,0,0,0,0,0,0,26,254,253,106,0,0,0,0,0,0,0,0,0,0,0,0,0,0,0,85,252,231,57,38,0,57,57,95,243,253,214,19,0,0,0,0,0,0,0,0,0,0,0,0,0,0,0,57,243,253,252,234,197,253,252,252,252,244,81,0,0,0,0,0,0,0,0,0,0,0,0,0,0,0,0,0,25,140,190,190,240,253,252,252,202,25,0,0,0,0,0,0,0,0,0,0,0,0,0,0,0,0,0,0,0,0,0,0,0,0,0,0,0,0,0,0,0,0,0,0,0,0,0,0,0,0,0,0,0,0,0,0,0,0,0,0,0,0,0,0,0,0,0,0,0,0,0,0,0,0,0,0,0,0,0,0,0,0,0,0,0,0,0,0,0,0,0,0,0,0,0,0,0,0,0,0,0,0,0,0,0,0,0,0,0,0,0,0,0,0,0,0,0,0,0,0,0,0,0,0,0,0,0,0,0,0,0,cinq
0,0,0,0,0,0,0,0,0,0,0,0,0,0,0,0,0,0,0,0,0,0,0,0,0,0,0,0,0,0,0,0,0,0,0,0,0,0,0,0,0,0,0,0,0,0,0,0,0,0,0,0,0,0,0,0,0,0,0,0,0,0,0,0,0,0,0,0,0,0,0,0,0,0,0,0,0,0,0,0,0,0,0,0,0,0,0,0,0,0,0,0,0,0,0,0,0,0,0,0,0,0,0,0,0,0,0,0,0,0,0,0,0,0,0,0,0,0,0,0,0,0,0,0,0,0,0,0,0,0,0,0,0,0,0,0,0,0,0,0,0,0,0,0,0,0,0,0,0,0,0,0,0,0,0,0,0,0,0,0,0,0,0,0,0,0,0,0,0,0,0,0,0,0,0,0,0,0,0,0,0,0,0,0,0,0,0,0,4,6,113,115,22,0,0,0,0,0,0,0,0,0,0,0,0,0,0,0,0,3,44,44,3,0,59,152,222,254,254,254,189,0,0,0,0,0,0,0,0,0,0,0,0,0,0,0,0,179,254,185,4,26,200,254,254,254,254,155,37,0,0,0,0,0,0,0,0,0,0,0,0,0,0,24,157,252,229,40,0,0,151,128,27,27,27,19,0,0,0,0,0,0,0,0,0,0,0,0,0,0,5,158,254,244,77,0,0,0,0,0,0,0,0,0,0,0,0,0,0,0,0,0,0,0,0,0,0,66,184,232,187,64,0,0,0,0,0,0,0,0,0,0,0,0,0,0,0,0,0,0,0,0,0,0,22,222,254,254,239,234,211,86,17,6,0,0,0,0,0,0,0,0,0,0,0,0,0,0,0,0,0,0,35,241,252,200,200,200,212,254,254,123,11,0,0,0,0,0,0,0,0,0,0,0,0,0,0,0,0,0,0,40,52,0,0,0,12,93,209,254,88,0,0,0,0,0,0,0,0,0,0,0,0,0,0,29,36,0,0,0,0,0,0,0,0,0,66,218,111,0,0,0,0,0,0,0,0,0,0,0,0,0,0,172,192,21,0,0,0,0,0,0,0,0,13,218,198,5,0,0,0,0,0,0,0,0,0,0,0,0,0,65,186,210,82,0,0,0,0,0,0,0,22,254,194,4,0,0,0,0,0,0,0,0,0,0,0,0,0,17,164,252,126,19,0,0,0,0,6,107,246,236,51,1,0,0,0,0,0,0,0,0,0,0,0,0,0,0,59,205,254,229,174,107,66,119,191,254,254,87,0,0,0,0,0,0,0,0,0,0,0,0,0,0,0,0,0,22,151,184,254,254,254,254,254,254,56,15,0,0,0,0,0,0,0,0,0,0,0,0,0,0,0,0,0,0,0,2,103,114,114,114,44,5,1,0,0,0,0,0,0,0,0,0,0,0,0,0,0,0,0,0,0,0,0,0,0,0,0,0,0,0,0,0,0,0,0,0,0,0,0,0,0,0,0,0,0,0,0,0,0,0,0,0,0,0,0,0,0,0,0,0,0,0,0,0,0,0,0,0,0,0,0,0,0,0,0,0,0,0,0,0,0,0,0,0,0,0,0,0,0,0,0,0,0,0,0,0,0,0,0,0,0,0,0,0,0,0,0,0,0,0,0,0,0,0,0,0,0,0,0,0,0,0,0,0,0,0,0,0,0,0,0,0,0,0,0,0,0,0,0,0,0,0,0,0,0,0,0,0,0,0,0,0,0,0,0,0,0,0,0,0,0,0,0,0,0,0,0,0,0,0,0,0,0,0,0,0,0,0,0,0,0,0,cinq
0,0,0,0,0,0,0,0,0,0,0,0,0,0,0,0,0,0,0,0,0,0,0,0,0,0,0,0,0,0,0,0,0,0,0,0,0,0,0,0,0,0,0,0,0,0,0,0,0,0,0,0,0,0,0,0,0,0,0,0,0,0,0,0,0,0,0,0,0,0,0,0,0,0,0,0,0,0,0,0,0,0,0,0,0,0,0,0,0,0,0,0,0,0,0,0,0,0,0,0,0,0,0,0,0,0,0,0,0,0,0,0,0,0,0,0,0,0,0,0,0,0,0,0,32,109,191,255,253,253,253,110,109,31,0,0,0,0,0,0,0,0,0,0,0,0,0,0,0,0,0,218,227,252,252,253,252,252,252,253,252,206,31,0,0,0,0,0,0,0,0,0,0,0,0,0,0,0,0,253,252,252,252,217,132,215,236,253,252,252,211,0,0,0,0,0,0,0,0,0,0,0,0,0,0,0,0,170,252,252,168,0,0,0,62,108,232,252,252,0,0,0,0,0,0,0,0,0,0,0,0,0,0,0,0,0,0,0,0,0,0,0,0,109,252,252,252,0,0,0,0,0,0,0,0,0,0,0,0,0,0,0,0,0,0,0,0,0,0,11,73,233,252,252,210,0,0,0,0,0,0,0,0,0,0,0,0,0,0,0,0,0,0,0,0,0,11,68,252,253,252,122,31,0,0,0,0,0,0,0,0,0,0,0,0,0,0,0,0,0,0,0,0,63,175,252,252,253,210,31,0,0,0,0,0,0,0,0,0,0,0,0,0,0,0,0,0,0,32,129,253,255,253,253,253,84,0,0,0,0,0,0,0,0,0,0,0,0,0,0,0,0,0,0,0,94,227,252,252,253,252,220,35,0,0,0,0,0,0,0,0,0,0,0,0,0,0,0,0,0,0,0,0,94,247,252,252,253,252,241,98,0,0,0,0,0,0,0,0,0,0,0,0,0,0,0,0,0,0,0,0,0,93,108,108,108,232,252,252,0,0,0,0,0,0,0,0,0,0,0,0,0,0,0,0,0,0,0,0,0,0,0,0,0,42,222,253,63,0,0,0,0,0,0,0,0,0,0,0,32,197,196,31,0,0,0,0,0,0,0,0,0,21,201,252,144,0,0,0,0,0,0,0,0,0,0,0,212,252,246,92,0,0,0,0,0,0,0,0,0,176,252,252,144,0,0,0,0,0,0,0,0,0,0,0,253,252,215,0,0,0,0,0,0,0,0,0,63,237,252,252,62,0,0,0,0,0,0,0,0,0,0,0,255,253,232,109,62,0,0,0,0,0,16,191,255,253,237,62,0,0,0,0,0,0,0,0,0,0,0,0,98,242,252,252,237,217,114,73,135,217,222,252,253,252,174,0,0,0,0,0,0,0,0,0,0,0,0,0,0,62,180,252,252,252,252,252,253,252,252,252,217,174,20,0,0,0,0,0,0,0,0,0,0,0,0,0,0,0,16,108,108,232,252,252,253,252,252,168,0,0,0,0,0,0,0,0,0,0,0,0,0,0,0,0,0,0,0,0,0,0,0,0,0,0,0,0,0,0,0,0,0,0,0,0,0,0,0,0,0,0,0,0,0,0,0,0,0,0,0,0,0,0,0,0,0,0,0,0,0,0,0,0,0,0,0,0,0,0,0,0,0,0,0,0,0,0,0,0,0,0,0,0,0,0,0,0,0,0,0,0,0,0,0,0,0,0,0,0,0,0,0,0,0,0,0,0,0,0,0,0,0,0,0,0,0,0,0,0,0,0,0,0,0,trois
0,0,0,0,0,0,0,0,0,0,0,0,0,0,0,0,0,0,0,0,0,0,0,0,0,0,0,0,0,0,0,0,0,0,0,0,0,0,0,0,0,0,0,0,0,0,0,0,0,0,0,0,0,0,0,0,0,0,0,0,0,0,0,0,0,0,0,0,0,0,0,0,0,0,0,0,0,0,0,0,0,0,0,0,0,0,0,0,0,0,0,0,0,0,0,0,0,0,0,0,0,0,0,0,0,0,0,0,0,0,0,0,0,0,0,0,0,0,0,0,0,0,0,0,0,0,0,0,0,0,0,0,0,0,0,0,0,0,0,0,0,0,0,0,0,0,0,192,255,254,254,254,254,171,133,31,0,0,0,0,0,0,0,0,0,0,0,0,0,0,0,0,0,0,0,234,253,253,253,253,253,253,253,234,184,27,0,0,0,0,0,0,0,0,0,0,0,0,0,0,0,0,0,20,185,232,138,10,10,93,173,230,253,215,29,0,0,0,0,0,0,0,0,0,0,0,0,0,0,0,0,0,0,28,28,0,0,0,0,24,132,253,163,0,0,0,0,0,0,0,0,0,0,0,0,0,0,0,0,0,0,0,0,0,0,0,0,0,32,253,233,0,0,0,0,0,0,0,0,0,0,0,0,0,0,0,0,0,0,0,0,0,0,0,0,0,133,253,233,0,0,0,0,0,0,0,0,0,0,0,0,0,0,0,0,0,0,0,0,0,0,13,118,155,252,253,177,0,0,0,0,0,0,0,0,0,0,0,0,0,0,0,0,0,0,0,0,0,0,177,253,253,253,234,19,0,0,0,0,0,0,0,0,0,0,0,0,0,0,0,0,0,0,0,0,0,0,16,205,253,228,30,0,0,0,0,0,0,0,0,0,0,0,0,0,0,0,0,0,0,0,0,0,0,0,0,125,253,253,94,0,0,0,0,0,0,0,0,0,0,0,0,0,0,0,0,0,0,0,0,0,0,0,0,9,164,253,206,10,0,0,0,0,0,0,0,0,0,0,0,0,0,0,0,0,0,0,0,0,0,0,0,0,2,222,253,43,0,0,0,0,0,0,0,0,0,0,0,0,0,0,0,0,0,0,0,0,0,0,0,0,0,135,253,129,0,0,0,0,0,0,0,0,0,0,0,0,0,0,0,0,0,0,0,0,0,0,0,0,0,135,253,129,0,0,0,0,0,0,0,0,0,0,0,0,0,0,0,0,0,0,0,0,0,0,0,0,0,135,253,129,0,0,0,0,0,0,0,0,0,0,0,0,0,0,0,0,0,0,0,0,0,0,0,0,0,143,253,121,0,0,0,0,0,0,0,0,0,0,0,0,0,0,0,0,0,0,0,0,0,0,0,0,88,249,253,25,0,0,0,0,0,0,0,0,0,0,0,0,0,0,0,0,0,0,97,115,115,94,51,131,245,253,250,24,0,0,0,0,0,0,0,0,0,0,0,0,0,0,0,0,0,0,93,210,253,253,253,253,253,246,94,0,0,0,0,0,0,0,0,0,0,0,0,0,0,0,0,0,0,0,0,12,48,149,233,253,217,89,0,0,0,0,0,0,0,0,0,0,0,0,0,0,0,0,0,0,0,0,0,0,0,0,0,0,0,0,0,0,0,0,0,0,0,0,0,0,0,0,0,0,0,0,0,0,0,0,0,0,0,0,0,0,0,0,0,0,0,0,0,0,0,0,0,0,0,0,0,0,0,0,0,0,0,0,0,0,0,0,0,0,0,0,0,0,0,0,0,0,0,0,0,0,0,trois
0,0,0,0,0,0,0,0,0,0,0,0,0,0,0,0,0,0,0,0,0,0,0,0,0,0,0,0,0,0,0,0,0,0,0,0,0,0,0,0,0,0,0,0,0,0,0,0,0,0,0,0,0,0,0,0,0,0,0,0,0,0,0,0,0,0,0,0,0,0,0,0,0,0,0,0,0,0,0,0,0,0,0,0,0,0,0,0,0,0,0,0,0,0,0,0,0,0,0,0,0,0,0,0,0,0,0,0,0,0,0,0,0,0,0,0,0,0,0,0,0,0,0,0,0,0,0,0,0,0,0,0,0,0,0,0,0,0,0,0,0,0,0,0,0,0,0,0,0,0,0,0,0,94,212,253,255,253,232,109,192,78,0,0,0,0,0,0,0,0,0,0,0,0,0,0,0,0,0,125,218,247,252,252,253,252,252,252,253,242,62,0,0,0,0,0,0,0,0,0,0,0,0,0,0,0,21,206,253,252,246,215,217,174,71,175,253,252,175,0,0,0,0,0,0,0,0,0,0,0,0,0,0,0,0,144,253,128,92,0,0,0,1,144,253,252,215,0,0,0,0,0,0,0,0,0,0,0,0,0,0,0,0,0,0,0,0,0,0,0,181,252,253,220,41,0,0,0,0,0,0,0,0,0,0,0,0,0,0,0,0,0,0,0,0,0,0,105,242,252,253,138,0,0,0,0,0,0,0,0,0,0,0,0,0,0,0,0,0,0,0,0,6,37,182,242,252,252,154,10,0,0,0,0,0,0,0,0,0,0,0,0,0,0,0,0,0,0,0,125,160,252,253,252,231,108,0,0,0,0,0,0,0,0,0,0,0,0,0,0,0,0,0,0,0,63,255,253,253,253,255,159,41,0,0,0,0,0,0,0,0,0,0,0,0,0,0,0,0,0,0,0,0,144,253,252,252,252,191,15,0,0,0,0,0,0,0,0,0,0,0,0,0,0,0,0,0,0,0,0,0,125,232,252,252,252,253,149,11,0,0,0,0,0,0,0,0,0,0,0,0,0,0,0,0,0,0,0,0,0,47,108,128,252,253,252,71,0,0,0,0,0,0,0,0,0,0,0,0,0,0,0,0,0,0,0,0,0,0,0,0,84,255,253,217,0,0,0,0,0,0,0,0,0,0,0,0,0,32,115,62,0,0,0,0,0,0,0,0,0,253,252,174,0,0,0,0,0,0,0,0,0,0,0,0,0,109,252,71,0,0,0,0,0,0,0,6,120,253,252,71,0,0,0,0,0,0,0,0,0,0,0,0,0,109,252,154,0,0,0,0,0,0,0,37,252,253,252,71,0,0,0,0,0,0,0,0,0,0,0,0,0,110,253,253,253,109,78,0,0,47,109,212,253,255,180,0,0,0,0,0,0,0,0,0,0,0,0,0,0,15,180,252,252,252,242,217,217,233,252,252,252,222,45,0,0,0,0,0,0,0,0,0,0,0,0,0,0,0,21,180,252,252,252,252,252,253,252,246,132,41,0,0,0,0,0,0,0,0,0,0,0,0,0,0,0,0,0,16,108,108,148,252,168,108,108,92,0,0,0,0,0,0,0,0,0,0,0,0,0,0,0,0,0,0,0,0,0,0,0,0,0,0,0,0,0,0,0,0,0,0,0,0,0,0,0,0,0,0,0,0,0,0,0,0,0,0,0,0,0,0,0,0,0,0,0,0,0,0,0,0,0,0,0,0,0,0,0,0,0,0,0,0,0,0,0,0,0,0,0,0,0,0,0,0,0,0,0,0,0,0,0,0,0,trois
0,0,0,0,0,0,0,0,0,0,0,0,0,0,0,0,0,0,0,0,0,0,0,0,0,0,0,0,0,0,0,0,0,0,0,0,0,0,0,0,0,0,0,0,0,0,0,0,0,0,0,0,0,0,0,0,0,0,0,0,0,0,0,0,0,0,0,0,0,0,0,0,0,0,0,0,0,0,0,0,0,0,0,0,0,0,0,0,0,0,0,0,0,0,0,0,0,0,0,0,0,0,0,0,0,0,0,0,0,0,0,0,0,0,0,0,0,0,0,0,0,0,0,0,0,64,191,255,128,0,0,0,0,0,0,0,0,0,0,0,0,0,0,0,0,0,0,0,0,0,0,0,128,255,255,255,255,128,0,0,0,0,0,0,0,0,0,0,0,0,0,0,0,0,0,0,0,0,0,191,255,255,255,255,255,255,0,0,0,0,0,0,0,0,0,0,0,0,0,0,0,0,0,0,0,0,128,255,255,255,64,0,255,255,0,0,0,0,0,0,0,0,0,0,0,0,0,0,0,0,0,0,0,0,128,255,255,64,0,0,191,128,0,0,0,0,0,0,0,0,0,0,0,0,0,0,0,0,0,0,0,0,255,255,64,0,0,0,0,0,0,0,0,0,0,0,0,0,0,0,0,0,0,0,0,0,0,0,0,0,191,255,64,0,0,0,0,0,0,0,0,0,0,0,0,0,0,0,0,0,0,0,0,0,0,0,0,0,128,255,191,0,0,0,0,0,0,0,0,0,0,0,0,0,0,0,0,0,0,0,0,0,0,0,0,0,0,255,255,64,0,0,0,0,0,0,0,0,0,0,0,0,0,0,0,0,0,0,0,0,0,0,0,0,0,191,255,191,64,0,0,0,0,0,0,0,0,0,0,0,0,0,0,0,0,0,0,0,0,0,0,0,0,0,255,255,255,0,0,0,0,0,0,0,0,0,0,0,0,0,0,0,0,0,0,0,0,0,0,0,0,0,128,255,255,191,64,0,0,0,0,0,0,0,0,0,0,0,0,0,0,0,0,0,0,0,0,0,0,0,0,128,255,255,255,64,0,0,0,0,0,0,0,0,0,0,0,0,0,0,0,0,0,0,0,0,0,0,0,0,64,255,255,255,0,0,0,0,0,0,0,0,0,0,0,0,0,0,0,0,0,0,0,0,0,0,0,0,0,64,255,255,191,0,0,0,0,0,0,0,0,0,0,0,0,0,0,0,0,0,0,0,64,0,0,0,0,0,128,255,255,128,0,0,0,0,0,0,0,0,0,0,0,0,0,0,0,0,0,0,191,255,128,64,0,0,0,128,255,128,0,0,0,0,0,0,0,0,0,0,0,0,0,0,0,0,0,0,128,255,255,255,255,191,255,255,255,128,0,0,0,0,0,0,0,0,0,0,0,0,0,0,0,0,0,0,0,128,255,255,255,255,255,255,255,128,0,0,0,0,0,0,0,0,0,0,0,0,0,0,0,0,0,0,0,0,0,64,255,255,255,255,128,0,0,0,0,0,0,0,0,0,0,0,0,0,0,0,0,0,0,0,0,0,0,0,0,0,0,0,0,0,0,0,0,0,0,0,0,0,0,0,0,0,0,0,0,0,0,0,0,0,0,0,0,0,0,0,0,0,0,0,0,0,0,0,0,0,0,0,0,0,0,0,0,0,0,0,0,0,0,0,0,0,0,0,0,0,0,0,0,0,0,0,0,0,0,0,0,0,0,0,0,0,0,0,0,0,0,0,0,0,0,0,0,0,0,0,0,0,0,0,0,0,cinq
0,0,0,0,0,0,0,0,0,0,0,0,0,0,0,0,0,0,0,0,0,0,0,0,0,0,0,0,0,0,0,0,0,0,0,0,0,0,0,0,0,0,0,0,0,0,0,0,0,0,0,0,0,0,0,0,0,0,0,0,0,0,0,0,0,0,0,0,0,0,0,0,0,0,0,0,0,0,0,0,0,0,0,0,0,0,0,0,0,0,0,0,0,0,0,0,0,0,0,0,0,0,0,0,0,0,0,0,0,0,0,0,0,0,0,0,0,0,0,0,0,0,0,0,0,0,0,0,0,0,0,0,0,0,0,0,0,0,0,0,0,0,0,0,0,26,47,153,255,254,254,254,254,254,254,176,48,0,0,0,0,0,0,0,0,0,0,0,0,0,0,0,0,221,253,253,253,253,230,160,160,196,253,253,234,65,0,0,0,0,0,0,0,0,0,0,0,0,0,7,155,253,253,209,114,22,8,0,0,4,10,46,245,251,82,0,0,0,0,0,0,0,0,0,0,0,0,47,253,242,94,6,0,0,0,0,0,0,0,0,239,253,129,0,0,0,0,0,0,0,0,0,0,0,0,47,253,174,0,0,0,0,0,0,0,0,0,0,196,253,129,0,0,0,0,0,0,0,0,0,0,0,0,15,116,170,28,0,0,0,0,0,0,0,0,0,239,253,129,0,0,0,0,0,0,0,0,0,0,0,0,0,0,0,0,0,0,0,0,0,0,0,0,49,246,253,129,0,0,0,0,0,0,0,0,0,0,0,0,0,0,0,0,0,0,0,0,0,0,0,53,232,253,234,55,0,0,0,0,0,0,0,0,0,0,0,0,0,0,0,0,0,0,0,0,3,6,46,234,253,253,134,3,0,0,0,0,0,0,0,0,0,0,0,0,0,0,0,0,0,0,0,60,198,253,253,253,253,253,253,205,72,0,0,0,0,0,0,0,0,0,0,0,0,0,0,0,0,0,13,236,253,253,253,253,219,248,253,253,240,69,0,0,0,0,0,0,0,0,0,0,0,0,0,0,0,0,1,99,212,212,129,6,3,4,37,179,253,243,16,0,0,0,0,0,0,0,0,0,0,0,0,0,0,0,0,0,0,0,0,0,0,0,0,39,225,253,171,0,0,0,0,0,0,0,0,0,0,0,0,0,0,0,0,0,0,0,0,0,0,0,0,0,171,253,196,0,0,0,0,0,0,0,0,0,0,0,0,0,0,0,0,0,0,0,0,0,0,0,0,47,230,253,196,0,0,0,0,0,0,0,0,0,0,0,0,0,0,0,17,193,122,0,0,0,0,3,96,231,253,248,58,0,0,0,0,0,0,0,0,0,0,0,0,0,0,50,210,228,24,0,0,0,52,175,253,253,235,136,0,0,0,0,0,0,0,0,0,0,0,0,0,0,0,73,253,253,179,115,155,218,245,253,253,240,103,0,0,0,0,0,0,0,0,0,0,0,0,0,0,0,0,27,187,253,253,253,253,253,253,223,123,48,0,0,0,0,0,0,0,0,0,0,0,0,0,0,0,0,0,0,3,72,152,253,213,149,114,22,0,0,0,0,0,0,0,0,0,0,0,0,0,0,0,0,0,0,0,0,0,0,0,0,0,0,0,0,0,0,0,0,0,0,0,0,0,0,0,0,0,0,0,0,0,0,0,0,0,0,0,0,0,0,0,0,0,0,0,0,0,0,0,0,0,0,0,0,0,0,0,0,0,0,0,0,0,0,0,0,0,0,0,0,0,0,0,0,0,0,0,0,0,0,0,trois
0,0,0,0,0,0,0,0,0,0,0,0,0,0,0,0,0,0,0,0,0,0,0,0,0,0,0,0,0,0,0,0,0,0,0,0,0,0,0,0,0,0,0,0,0,0,0,0,0,0,0,0,0,0,0,0,0,0,0,0,0,0,0,0,0,0,0,0,0,0,0,0,0,0,0,0,0,0,0,0,0,0,0,0,0,0,0,0,0,0,0,0,0,0,0,0,0,0,0,0,0,0,0,0,0,0,0,0,0,0,0,0,0,0,0,0,0,0,0,0,0,0,0,0,0,0,31,144,196,28,0,0,0,0,0,0,0,0,0,0,0,0,0,0,0,0,0,0,0,0,0,0,0,0,154,198,58,3,0,0,0,0,0,0,0,0,0,0,0,0,0,0,0,0,0,0,0,0,0,0,0,43,251,164,90,64,15,15,16,12,0,0,0,0,0,0,0,0,0,0,0,0,0,0,0,0,0,0,0,116,240,209,245,253,253,253,254,180,0,0,0,0,0,0,0,0,0,0,0,0,0,0,0,0,0,0,14,246,178,0,25,30,87,104,74,14,0,0,0,0,0,0,0,0,0,0,0,0,0,0,0,0,0,0,77,248,48,0,0,0,0,0,0,0,0,0,0,0,0,0,0,0,0,0,0,0,0,0,0,0,0,0,204,168,0,0,0,0,0,0,0,0,0,0,0,0,0,0,0,0,0,0,0,0,0,0,0,0,0,70,243,65,0,0,0,0,0,0,0,0,0,0,0,0,0,0,0,0,0,0,0,0,0,0,0,0,28,230,225,0,0,0,0,0,0,0,0,0,0,0,0,0,0,0,0,0,0,0,0,0,0,0,0,0,148,253,54,0,0,31,75,27,0,0,0,0,0,0,0,0,0,0,0,0,0,0,0,0,0,0,0,62,255,214,250,254,254,255,254,254,183,30,0,0,0,0,0,0,0,0,0,0,0,0,0,0,0,0,11,196,254,253,192,106,45,45,45,120,239,218,0,0,0,0,0,0,0,0,0,0,0,0,0,0,0,0,65,238,155,50,1,0,0,0,0,0,80,253,0,0,0,0,0,0,0,0,0,0,0,0,0,0,0,0,0,0,0,0,0,0,0,0,0,0,154,253,0,0,0,0,0,0,0,0,0,0,0,0,0,0,0,0,0,0,0,0,0,0,0,0,0,5,211,231,0,0,0,0,0,0,0,0,0,0,0,0,0,0,0,0,0,0,0,0,0,0,0,0,0,151,254,52,0,0,0,0,0,0,0,0,0,0,0,0,0,0,0,4,104,7,0,0,0,0,0,8,139,251,159,6,0,0,0,0,0,0,0,0,0,0,0,0,0,0,0,15,253,56,0,0,1,29,90,197,245,116,4,0,0,0,0,0,0,0,0,0,0,0,0,0,0,0,0,8,212,196,120,181,197,253,253,178,41,0,0,0,0,0,0,0,0,0,0,0,0,0,0,0,0,0,0,0,50,214,254,253,182,165,82,0,0,0,0,0,0,0,0,0,0,0,0,0,0,0,0,0,0,0,0,0,0,0,0,0,0,0,0,0,0,0,0,0,0,0,0,0,0,0,0,0,0,0,0,0,0,0,0,0,0,0,0,0,0,0,0,0,0,0,0,0,0,0,0,0,0,0,0,0,0,0,0,0,0,0,0,0,0,0,0,0,0,0,0,0,0,0,0,0,0,0,0,0,0,0,0,0,0,0,0,0,0,0,0,0,0,0,0,0,0,0,0,0,0,0,0,0,0,0,0,0,0,0,0,0,cinq
0,0,0,0,0,0,0,0,0,0,0,0,0,0,0,0,0,0,0,0,0,0,0,0,0,0,0,0,0,0,0,0,0,0,0,0,0,0,0,0,0,0,0,0,0,0,0,0,0,0,0,0,0,0,0,0,0,0,0,0,0,0,0,0,0,0,0,0,0,0,0,0,0,0,0,0,0,0,0,0,0,0,0,0,0,0,0,0,0,0,0,0,0,0,0,0,0,0,0,0,0,0,0,0,0,0,0,0,0,0,0,0,0,0,0,0,0,0,0,0,0,0,0,0,0,0,0,0,0,0,0,0,0,0,0,0,0,0,0,0,0,0,0,0,0,0,0,0,0,0,0,0,0,0,0,0,4,25,25,25,25,25,25,2,0,0,0,0,0,0,0,0,0,0,0,0,0,0,0,0,0,0,35,4,126,253,253,253,253,253,253,161,0,0,0,0,0,0,0,0,0,0,0,0,0,0,0,0,0,47,250,178,253,253,253,253,253,211,226,253,0,0,0,0,0,0,0,0,0,0,0,0,0,0,0,0,108,250,246,176,245,169,72,72,72,10,31,72,0,0,0,0,0,0,0,0,0,0,0,0,0,0,0,110,248,253,207,93,51,0,0,0,0,0,0,0,0,0,0,0,0,0,0,0,0,0,0,0,0,0,70,247,253,253,23,0,0,0,0,0,0,0,0,0,0,0,0,0,0,0,0,0,0,0,0,0,0,28,207,253,253,149,0,0,0,0,0,0,0,0,0,0,0,0,0,0,0,0,0,0,0,0,0,0,0,73,253,253,253,242,105,0,0,0,0,0,0,0,0,0,0,0,0,0,0,0,0,0,0,0,0,0,0,4,52,178,253,253,254,242,225,99,0,0,0,0,0,0,0,0,0,0,0,0,0,0,0,0,0,0,0,0,0,0,0,0,6,191,250,255,138,3,0,0,0,0,0,0,0,0,0,0,0,0,2,22,0,0,0,0,0,0,0,0,0,0,89,253,253,72,0,0,0,0,0,0,0,0,0,0,0,0,30,244,60,0,0,0,0,0,0,0,0,0,37,253,253,163,0,0,0,0,0,0,0,0,0,0,0,0,156,242,51,0,0,0,0,0,0,0,0,28,136,253,242,49,0,0,0,0,0,0,0,0,0,0,0,0,254,253,191,50,0,0,0,0,0,0,3,171,253,242,89,0,0,0,0,0,0,0,0,0,0,0,0,0,66,222,253,242,194,102,73,73,73,73,198,253,243,89,0,0,0,0,0,0,0,0,0,0,0,0,0,0,0,39,180,253,253,253,253,253,253,253,254,245,144,0,0,0,0,0,0,0,0,0,0,0,0,0,0,0,0,0,6,59,156,156,156,156,156,156,151,32,0,0,0,0,0,0,0,0,0,0,0,0,0,0,0,0,0,0,0,0,0,0,0,0,0,0,0,0,0,0,0,0,0,0,0,0,0,0,0,0,0,0,0,0,0,0,0,0,0,0,0,0,0,0,0,0,0,0,0,0,0,0,0,0,0,0,0,0,0,0,0,0,0,0,0,0,0,0,0,0,0,0,0,0,0,0,0,0,0,0,0,0,0,0,0,0,0,0,0,0,0,0,0,0,0,0,0,0,0,0,0,0,0,0,0,0,0,0,0,0,0,0,0,0,0,0,0,0,0,0,0,0,0,0,0,0,0,0,0,0,0,0,0,0,0,0,0,0,0,0,0,0,0,0,0,0,0,0,0,0,0,0,0,0,0,0,0,0,0,0,0,0,0,0,0,0,0,0,0,0,cinq
0,0,0,0,0,0,0,0,0,0,0,0,0,0,0,0,0,0,0,0,0,0,0,0,0,0,0,0,0,0,0,0,0,0,0,0,0,0,0,0,0,0,0,0,0,0,0,0,0,0,0,0,0,0,0,0,0,0,0,0,0,0,0,0,0,0,0,0,0,0,0,0,0,0,0,0,0,0,0,0,0,0,0,0,0,0,0,0,0,0,0,0,0,0,0,0,0,0,0,0,0,0,0,0,0,0,0,0,0,0,0,0,0,0,0,0,0,0,0,0,0,0,0,0,0,0,42,170,255,148,240,203,130,12,1,0,0,0,0,0,0,0,0,0,0,0,0,0,0,0,0,3,43,136,228,253,253,253,247,253,253,253,12,0,0,0,0,0,0,0,0,0,0,0,0,0,0,0,0,127,253,253,248,235,131,111,57,111,243,253,129,0,0,0,0,0,0,0,0,0,0,0,0,0,0,0,0,102,228,134,74,0,0,0,0,0,236,253,118,0,0,0,0,0,0,0,0,0,0,0,0,0,0,0,0,0,0,0,0,0,0,0,0,141,247,195,3,0,0,0,0,0,0,0,0,0,0,0,0,0,0,0,0,0,0,0,0,0,0,14,87,245,253,236,5,0,0,0,0,0,0,0,0,0,0,0,0,0,0,0,0,0,0,0,0,0,0,115,253,253,234,52,0,0,0,0,0,0,0,0,0,0,0,0,0,0,0,0,0,0,0,0,0,80,174,242,253,208,54,0,0,0,0,0,0,0,0,0,0,0,0,0,0,0,0,0,0,0,0,43,93,239,253,233,148,7,0,0,0,0,0,0,0,0,0,0,0,0,0,0,0,0,0,0,0,14,93,237,253,253,253,229,114,0,0,0,0,0,0,0,0,0,0,0,0,0,0,0,0,0,0,0,0,14,202,253,253,253,253,253,229,18,0,0,0,0,0,0,0,0,0,0,0,0,0,0,0,0,0,0,0,0,41,55,55,55,55,128,253,204,75,0,0,0,0,0,0,0,0,0,0,0,0,0,0,0,0,0,0,0,0,0,0,0,0,48,239,253,172,6,0,0,0,0,0,0,0,0,0,45,154,195,0,0,0,0,0,0,0,0,0,0,0,48,239,253,196,6,0,0,0,0,0,0,0,0,0,176,249,148,0,0,0,0,0,0,0,0,0,0,0,139,253,214,29,0,0,0,0,0,0,0,0,0,0,194,252,158,0,0,0,0,0,0,0,0,0,32,142,249,214,90,0,0,0,0,0,0,0,0,0,0,0,30,253,240,146,0,0,0,0,0,0,0,0,132,253,253,203,12,0,0,0,0,0,0,0,0,0,0,0,1,144,253,252,236,140,20,36,55,28,112,148,250,253,212,26,0,0,0,0,0,0,0,0,0,0,0,0,0,7,91,253,253,252,244,246,248,245,253,253,253,155,25,0,0,0,0,0,0,0,0,0,0,0,0,0,0,0,1,18,129,147,253,253,253,253,253,217,90,1,0,0,0,0,0,0,0,0,0,0,0,0,0,0,0,0,0,0,0,0,0,0,0,0,0,0,0,0,0,0,0,0,0,0,0,0,0,0,0,0,0,0,0,0,0,0,0,0,0,0,0,0,0,0,0,0,0,0,0,0,0,0,0,0,0,0,0,0,0,0,0,0,0,0,0,0,0,0,0,0,0,0,0,0,0,0,0,0,0,0,0,0,0,0,0,0,0,0,0,0,0,0,0,0,0,0,0,0,0,0,0,0,0,0,0,0,0,0,0,0,0,0,0,trois
0,0,0,0,0,0,0,0,0,0,0,0,0,0,0,0,0,0,0,0,0,0,0,0,0,0,0,0,0,0,0,0,0,0,0,0,0,0,0,0,0,0,0,0,0,0,0,0,0,0,0,0,0,0,0,0,0,0,0,0,0,0,0,0,0,0,0,0,0,0,0,0,0,0,0,0,0,0,0,0,0,0,0,0,0,0,0,0,0,0,0,0,0,0,0,0,0,0,0,0,0,0,0,0,0,0,0,0,0,0,0,0,0,0,0,0,0,0,0,0,0,0,0,0,0,0,0,0,0,0,0,0,0,0,0,0,0,0,0,0,0,0,0,0,0,0,0,0,0,0,0,0,0,0,0,0,0,0,21,36,36,36,5,0,0,0,0,0,0,0,0,0,0,0,0,0,0,0,0,0,0,0,0,0,24,115,220,254,254,254,183,147,0,0,0,0,0,0,0,0,0,0,0,0,0,0,0,0,0,17,17,0,146,254,254,254,254,254,254,158,0,0,0,0,0,0,0,0,0,0,0,0,0,0,0,0,15,183,115,0,190,254,254,196,80,47,47,4,0,0,0,0,0,0,0,0,0,0,0,0,0,0,0,0,147,254,109,0,63,29,29,10,0,0,0,0,0,0,0,0,0,0,0,0,0,0,0,0,0,0,3,139,251,253,63,0,6,0,0,0,0,0,0,0,0,0,0,0,0,0,0,0,0,0,0,0,0,11,137,254,254,184,0,0,0,0,0,0,0,0,0,0,0,0,0,0,0,0,0,0,0,0,0,0,0,90,253,254,254,161,42,27,0,0,0,0,0,0,0,0,0,0,0,0,0,0,0,0,0,0,0,0,0,0,131,195,205,255,254,226,126,2,0,0,0,0,0,0,0,0,0,0,0,0,0,0,0,0,0,0,0,0,0,0,10,59,150,177,248,192,69,0,0,0,0,0,0,0,0,0,0,0,0,0,0,0,0,0,0,0,0,0,0,0,0,0,90,253,250,75,0,0,0,0,0,0,0,0,0,0,0,0,125,199,0,0,0,0,0,0,0,0,0,0,0,250,254,141,0,0,0,0,0,0,0,0,0,0,0,0,198,220,10,0,0,0,0,0,0,0,0,0,59,252,254,146,0,0,0,0,0,0,0,0,0,0,0,0,242,254,232,116,20,0,0,0,0,0,0,26,185,254,237,37,0,0,0,0,0,0,0,0,0,0,0,0,56,214,254,254,224,166,53,48,48,48,48,222,254,247,78,0,0,0,0,0,0,0,0,0,0,0,0,0,0,10,71,159,243,254,254,254,254,254,254,254,225,180,0,0,0,0,0,0,0,0,0,0,0,0,0,0,0,0,0,0,43,53,166,218,254,254,229,171,96,0,0,0,0,0,0,0,0,0,0,0,0,0,0,0,0,0,0,0,0,0,0,20,35,35,25,0,0,0,0,0,0,0,0,0,0,0,0,0,0,0,0,0,0,0,0,0,0,0,0,0,0,0,0,0,0,0,0,0,0,0,0,0,0,0,0,0,0,0,0,0,0,0,0,0,0,0,0,0,0,0,0,0,0,0,0,0,0,0,0,0,0,0,0,0,0,0,0,0,0,0,0,0,0,0,0,0,0,0,0,0,0,0,0,0,0,0,0,0,0,0,0,0,0,0,0,0,0,0,0,0,0,0,0,0,0,0,0,0,0,0,0,0,0,0,0,0,0,0,0,0,0,0,0,0,0,0,0,0,0,0,0,0,0,0,0,0,0,0,0,0,0,0,0,0,0,0,0,0,cinq
0,0,0,0,0,0,0,0,0,0,0,0,0,0,0,0,0,0,0,0,0,0,0,0,0,0,0,0,0,0,0,0,0,0,0,0,0,0,0,0,0,0,0,0,0,0,0,0,0,0,0,0,0,0,0,0,0,0,0,0,0,0,0,0,0,0,0,0,0,0,0,0,0,0,0,0,0,0,0,0,0,0,0,0,0,0,0,0,0,0,0,0,0,0,0,0,0,0,0,0,0,0,0,0,0,0,0,0,0,0,0,0,0,0,0,0,0,0,0,0,0,0,0,0,0,0,0,0,0,0,0,0,0,0,0,0,0,0,0,0,0,0,0,0,0,0,0,0,0,0,0,0,0,0,0,0,0,0,0,0,0,0,0,0,0,0,0,0,0,0,0,0,0,0,0,0,0,0,0,0,0,0,0,0,0,0,0,0,0,0,0,0,0,0,0,0,0,0,0,0,0,0,0,0,0,0,0,0,0,0,0,0,0,0,0,0,0,0,0,0,0,0,0,0,0,0,0,0,0,0,0,0,0,0,0,0,0,0,0,10,40,70,84,40,62,92,40,40,9,0,0,0,0,0,0,0,0,0,0,0,0,0,0,0,0,0,114,209,253,253,253,253,254,253,253,253,208,0,0,0,0,0,0,0,0,0,0,0,0,0,0,0,0,137,254,241,113,98,98,98,99,98,98,98,60,0,0,0,0,0,0,0,0,0,0,0,0,0,0,2,50,228,237,105,0,0,0,0,0,0,0,0,0,0,0,0,0,0,0,0,0,0,0,0,0,0,0,12,223,253,58,0,0,0,0,0,0,0,0,0,0,0,0,0,0,0,0,0,0,0,0,0,0,0,0,162,253,253,238,137,89,0,0,0,0,0,0,0,0,0,0,0,0,0,0,0,0,0,0,0,0,0,0,139,185,170,253,254,248,98,0,0,0,0,0,0,0,0,0,0,0,0,0,0,0,0,0,0,0,0,0,0,0,0,0,61,230,254,19,0,0,0,0,0,0,0,0,0,0,0,0,0,0,0,0,0,0,0,0,0,0,0,0,0,214,192,5,0,0,0,0,0,0,0,0,0,0,0,0,0,0,109,130,24,0,0,0,0,0,0,0,41,241,253,19,0,0,0,0,0,0,0,0,0,0,0,0,0,0,178,253,172,84,24,0,0,0,7,115,239,250,79,2,0,0,0,0,0,0,0,0,0,0,0,0,0,0,14,103,223,253,230,196,195,195,204,253,254,195,0,0,0,0,0,0,0,0,0,0,0,0,0,0,0,0,0,0,0,143,195,255,254,254,254,231,114,0,0,0,0,0,0,0,0,0,0,0,0,0,0,0,0,0,0,0,0,0,0,39,39,39,39,24,0,0,0,0,0,0,0,0,0,0,0,0,0,0,0,0,0,0,0,0,0,0,0,0,0,0,0,0,0,0,0,0,0,0,0,0,0,0,0,0,0,0,0,0,0,0,0,0,0,0,0,0,0,0,0,0,0,0,0,0,0,0,0,0,0,0,0,0,0,0,0,0,0,0,0,0,0,0,0,0,0,0,0,0,0,0,0,0,0,0,0,0,0,0,0,0,0,0,0,0,0,0,0,0,0,0,0,0,0,0,0,0,0,0,0,0,0,0,0,0,0,0,0,0,0,0,0,0,0,0,0,0,0,0,0,0,0,0,0,0,0,0,0,0,0,0,0,0,0,0,0,0,0,0,0,0,0,0,0,0,0,0,0,0,0,0,0,0,0,0,0,0,0,0,0,0,0,0,0,0,0,cinq
0,0,0,0,0,0,0,0,0,0,0,0,0,0,0,0,0,0,0,0,0,0,0,0,0,0,0,0,0,0,0,0,0,0,0,0,0,0,0,0,0,0,0,0,0,0,0,0,0,0,0,0,0,0,0,0,0,0,0,0,0,0,0,0,0,0,0,0,0,0,0,0,0,0,0,0,0,0,0,0,0,0,0,0,0,0,0,0,0,0,0,0,0,0,0,0,0,0,0,0,0,0,0,0,0,0,0,0,0,0,0,0,0,0,0,0,0,0,0,0,0,0,0,0,0,0,0,0,0,0,0,0,0,0,0,0,0,0,0,0,0,0,0,0,0,0,0,0,0,0,0,0,0,0,0,0,0,0,0,0,0,0,0,0,0,0,0,0,0,0,0,0,0,0,0,0,0,0,0,0,17,66,138,255,253,253,253,201,127,0,0,0,0,0,0,0,0,0,0,0,0,0,0,0,0,0,0,51,228,252,252,228,236,252,252,252,230,0,0,0,0,0,0,0,0,0,0,0,0,0,0,0,0,0,0,161,252,252,136,32,44,69,69,69,63,0,0,0,0,0,0,0,0,0,0,0,0,0,0,0,0,0,9,194,252,134,4,0,0,0,0,0,0,0,0,0,0,0,0,0,0,0,0,0,0,0,0,0,0,0,181,252,189,4,0,0,0,0,0,0,0,0,0,0,0,0,0,0,0,0,0,0,0,0,0,0,0,0,255,253,137,24,24,24,19,0,0,0,0,0,0,0,0,0,0,0,0,0,0,0,0,0,0,0,0,0,253,252,252,252,252,253,236,78,9,0,0,0,0,0,0,0,0,0,0,0,0,0,0,0,0,0,0,53,253,252,233,183,215,222,252,252,77,0,0,0,0,0,0,0,0,0,0,0,0,0,0,0,0,0,0,0,161,87,33,0,21,25,135,252,160,0,0,0,0,0,0,0,0,0,0,0,0,0,0,0,0,0,0,0,0,0,0,0,0,0,99,252,202,11,0,0,0,0,0,0,0,0,0,0,0,0,0,0,0,0,0,0,0,0,0,0,0,3,170,253,98,0,0,0,0,0,0,0,0,0,0,0,0,0,0,0,0,0,0,0,0,0,0,0,0,24,252,252,45,0,0,0,0,0,0,0,0,0,0,0,0,0,0,0,0,0,0,0,0,0,0,0,0,108,252,233,33,0,0,0,0,0,0,0,0,0,0,0,0,0,0,0,0,0,0,0,0,0,0,0,43,233,252,141,0,0,0,0,0,0,0,0,0,0,0,0,0,0,0,0,0,0,0,0,0,0,0,0,220,253,210,6,0,0,0,0,0,0,0,0,0,0,0,0,0,0,0,0,0,0,0,0,0,0,7,160,253,179,42,0,0,0,0,0,0,0,0,0,0,0,0,0,0,0,0,0,0,0,0,0,0,30,155,252,231,42,0,0,0,0,0,0,0,0,0,0,0,0,0,0,0,0,0,0,0,0,0,0,49,228,252,227,48,0,0,0,0,0,0,0,0,0,0,0,0,0,0,0,0,0,0,0,0,0,0,43,233,252,195,29,0,0,0,0,0,0,0,0,0,0,0,0,0,0,0,0,0,0,0,0,0,0,0,220,137,117,16,0,0,0,0,0,0,0,0,0,0,0,0,0,0,0,0,0,0,0,0,0,0,0,0,0,0,0,0,0,0,0,0,0,0,0,0,0,0,0,0,0,0,0,0,0,0,0,0,0,0,0,0,0,0,0,0,0,0,0,0,0,0,0,0,0,0,0,0,0,0,0,cinq
0,0,0,0,0,0,0,0,0,0,0,0,0,0,0,0,0,0,0,0,0,0,0,0,0,0,0,0,0,0,0,0,0,0,0,0,0,0,0,0,0,0,0,0,0,0,0,0,0,0,0,0,0,0,0,0,0,0,0,0,0,0,0,0,0,0,0,0,0,0,0,0,0,0,0,0,0,0,0,0,0,0,0,0,0,0,0,0,0,0,0,0,0,0,0,0,0,0,0,0,0,0,0,0,0,0,0,0,0,0,0,0,0,0,0,0,0,0,0,0,0,0,0,0,0,0,10,29,26,0,0,0,0,0,0,0,0,0,0,0,0,0,0,0,0,0,0,0,0,0,0,0,0,13,172,252,231,19,0,0,0,0,0,0,0,0,0,0,0,0,0,0,0,0,0,0,0,0,0,0,13,181,252,252,253,215,197,197,198,172,57,0,0,0,0,0,0,0,0,0,0,0,0,0,0,0,0,51,226,243,252,252,253,252,252,252,253,252,243,75,0,0,0,0,0,0,0,0,0,0,0,0,0,0,98,253,255,247,225,125,101,0,0,0,16,216,253,190,0,0,0,0,0,0,0,0,0,0,0,0,0,0,172,252,241,84,0,0,0,0,0,0,29,252,252,139,0,0,0,0,0,0,0,0,0,0,0,0,0,0,19,106,56,19,0,0,0,0,0,89,204,252,186,31,0,0,0,0,0,0,0,0,0,0,0,0,0,0,0,0,0,0,0,0,0,0,176,237,253,227,43,0,0,0,0,0,0,0,0,0,0,0,0,0,0,0,0,0,0,0,23,29,154,253,253,228,151,0,0,0,0,0,0,0,0,0,0,0,0,0,0,0,0,0,0,26,70,169,234,252,253,252,121,9,0,0,0,0,0,0,0,0,0,0,0,0,0,0,0,0,0,0,0,76,253,252,252,252,253,252,122,10,0,0,0,0,0,0,0,0,0,0,0,0,0,0,0,0,0,0,0,0,253,177,139,90,40,215,252,128,0,0,0,0,0,0,0,0,0,0,0,0,16,141,44,0,0,0,0,0,0,0,0,0,0,170,253,140,0,0,0,0,0,0,0,0,0,0,0,0,104,252,168,0,0,0,0,0,0,0,0,0,0,169,252,115,0,0,0,0,0,0,0,0,0,0,0,0,229,252,80,0,0,0,0,0,0,0,0,0,147,234,148,6,0,0,0,0,0,0,0,0,0,0,0,0,203,252,193,13,0,0,0,0,0,0,0,151,253,252,56,0,0,0,0,0,0,0,0,0,0,0,0,0,13,188,247,253,141,141,53,29,13,45,178,253,254,159,25,0,0,0,0,0,0,0,0,0,0,0,0,0,0,0,153,221,253,252,252,252,207,225,252,252,134,28,0,0,0,0,0,0,0,0,0,0,0,0,0,0,0,0,0,25,119,168,234,252,253,252,186,56,0,0,0,0,0,0,0,0,0,0,0,0,0,0,0,0,0,0,0,0,0,0,22,28,28,28,19,0,0,0,0,0,0,0,0,0,0,0,0,0,0,0,0,0,0,0,0,0,0,0,0,0,0,0,0,0,0,0,0,0,0,0,0,0,0,0,0,0,0,0,0,0,0,0,0,0,0,0,0,0,0,0,0,0,0,0,0,0,0,0,0,0,0,0,0,0,0,0,0,0,0,0,0,0,0,0,0,0,0,0,0,0,0,0,0,0,0,0,0,0,0,0,0,0,0,0,0,0,0,0,0,0,0,0,0,0,0,0,0,0,0,0,0,0,0,0,0,0,0,0,0,0,trois
0,0,0,0,0,0,0,0,0,0,0,0,0,0,0,0,0,0,0,0,0,0,0,0,0,0,0,0,0,0,0,0,0,0,0,0,0,0,0,0,0,0,0,0,0,0,0,0,0,0,0,0,0,0,0,0,0,0,0,0,0,0,0,0,0,0,0,0,0,0,0,0,0,0,0,0,0,0,0,0,0,0,0,0,0,0,0,0,0,0,0,0,0,0,0,0,0,0,0,0,0,0,0,0,0,0,0,0,0,0,0,0,0,0,0,0,0,0,0,0,0,0,249,254,255,254,191,254,254,254,210,89,0,0,0,0,0,0,0,0,0,0,0,0,0,0,0,0,0,0,248,253,253,253,106,157,204,253,253,248,211,37,0,0,0,0,0,0,0,0,0,0,0,0,0,0,0,0,40,40,40,40,14,0,20,40,184,253,253,96,0,0,0,0,0,0,0,0,0,0,0,0,0,0,0,0,0,0,0,0,0,0,0,0,113,253,253,96,0,0,0,0,0,0,0,0,0,0,0,0,0,0,0,0,0,0,0,0,0,0,0,15,225,253,253,96,0,0,0,0,0,0,0,0,0,0,0,0,0,0,0,0,0,0,0,0,0,8,82,193,253,250,217,39,0,0,0,0,0,0,0,0,0,0,0,0,0,0,0,0,0,0,0,0,86,200,253,253,253,191,0,0,0,0,0,0,0,0,0,0,0,0,0,0,0,0,0,0,0,99,147,248,251,253,253,208,24,5,0,0,0,0,0,0,0,0,0,0,0,0,0,0,0,0,0,0,222,250,253,253,253,253,186,20,0,0,0,0,0,0,0,0,0,0,0,0,0,0,0,0,0,0,0,0,248,253,253,253,253,253,253,152,9,0,0,0,0,0,0,0,0,0,0,0,0,0,0,0,0,0,0,0,67,68,68,68,68,147,253,253,34,0,0,0,0,0,0,0,0,0,0,0,0,0,0,0,0,0,0,0,0,0,0,0,0,3,169,253,34,0,0,0,0,0,0,0,0,0,0,0,0,0,0,0,0,0,0,0,0,0,0,0,0,0,125,253,34,0,0,0,0,0,0,0,0,0,0,0,0,0,0,0,0,0,0,0,0,0,0,0,0,4,187,253,34,0,0,0,0,0,0,0,0,0,0,0,0,0,0,88,25,0,0,0,0,0,0,0,12,182,253,253,34,0,0,0,0,0,0,0,0,0,0,0,0,0,84,248,180,0,0,0,0,0,0,0,73,253,253,163,5,0,0,0,0,0,0,0,0,0,0,0,0,0,97,253,241,98,0,0,0,0,0,146,234,253,223,39,0,0,0,0,0,0,0,0,0,0,0,0,0,0,29,225,253,243,179,179,45,91,179,233,253,252,109,0,0,0,0,0,0,0,0,0,0,0,0,0,0,0,0,81,204,253,253,253,253,253,253,253,251,151,0,0,0,0,0,0,0,0,0,0,0,0,0,0,0,0,0,0,26,134,253,253,253,253,253,227,104,0,0,0,0,0,0,0,0,0,0,0,0,0,0,0,0,0,0,0,0,0,0,0,0,0,0,0,0,0,0,0,0,0,0,0,0,0,0,0,0,0,0,0,0,0,0,0,0,0,0,0,0,0,0,0,0,0,0,0,0,0,0,0,0,0,0,0,0,0,0,0,0,0,0,0,0,0,0,0,0,0,0,0,0,0,0,0,0,0,0,0,0,0,0,0,0,0,0,0,0,0,0,0,0,0,0,0,0,0,0,0,0,0,0,0,0,0,0,0,0,0,0,0,0,0,trois
0,0,0,0,0,0,0,0,0,0,0,0,0,0,0,0,0,0,0,0,0,0,0,0,0,0,0,0,0,0,0,0,0,0,0,0,0,0,0,0,0,0,0,0,0,0,0,0,0,0,0,0,0,0,0,0,0,0,0,0,0,0,0,0,0,0,0,0,0,0,0,0,0,0,0,0,0,0,0,0,0,0,0,0,0,0,0,0,0,0,0,0,0,0,0,0,0,0,0,0,0,0,0,0,0,0,0,0,0,0,0,0,0,0,0,0,0,0,0,0,0,0,0,0,0,0,0,0,0,0,0,0,0,0,0,0,0,0,0,0,0,0,0,0,0,0,0,0,0,0,0,0,0,0,0,0,0,0,0,0,0,0,0,0,0,0,0,0,0,0,0,0,0,0,0,0,0,0,0,0,0,0,0,0,0,0,0,0,3,6,6,1,0,0,0,0,0,0,0,0,0,0,0,0,0,0,0,0,0,0,0,0,11,44,148,152,194,241,146,59,0,0,0,0,0,0,0,0,0,0,0,0,0,0,0,0,0,0,30,137,205,254,254,254,254,244,173,243,0,0,0,0,0,0,0,0,0,0,0,0,0,0,0,0,8,120,215,254,254,213,135,61,27,23,0,23,0,0,0,0,0,0,0,0,0,0,0,0,0,0,0,17,155,254,254,229,180,97,4,0,0,0,0,0,0,0,0,0,0,0,0,0,0,0,0,0,0,4,88,191,254,199,82,29,0,0,0,0,0,0,0,0,0,0,0,0,0,0,0,0,0,0,0,0,0,6,207,254,254,218,40,8,0,0,0,0,0,0,0,0,0,0,0,0,0,0,0,0,0,0,0,0,0,0,125,242,208,254,254,208,137,11,0,0,0,0,0,0,0,0,0,0,0,0,0,0,0,0,0,0,0,0,0,42,8,54,139,209,254,211,8,0,0,0,0,0,0,0,0,0,0,0,0,0,13,6,0,0,0,0,0,0,0,0,0,8,93,234,228,42,0,0,0,0,0,0,0,0,0,0,0,0,172,192,94,0,0,0,0,0,0,0,0,0,35,234,254,128,0,0,0,0,0,0,0,0,0,0,0,0,80,254,233,207,126,11,0,0,0,0,0,0,35,234,244,97,0,0,0,0,0,0,0,0,0,0,0,0,2,89,167,244,254,246,177,99,28,28,28,93,247,254,157,0,0,0,0,0,0,0,0,0,0,0,0,0,0,0,0,49,162,248,254,254,254,255,254,254,255,159,4,0,0,0,0,0,0,0,0,0,0,0,0,0,0,0,0,0,0,39,64,151,158,254,254,157,80,8,0,0,0,0,0,0,0,0,0,0,0,0,0,0,0,0,0,0,0,0,0,0,1,5,5,1,0,0,0,0,0,0,0,0,0,0,0,0,0,0,0,0,0,0,0,0,0,0,0,0,0,0,0,0,0,0,0,0,0,0,0,0,0,0,0,0,0,0,0,0,0,0,0,0,0,0,0,0,0,0,0,0,0,0,0,0,0,0,0,0,0,0,0,0,0,0,0,0,0,0,0,0,0,0,0,0,0,0,0,0,0,0,0,0,0,0,0,0,0,0,0,0,0,0,0,0,0,0,0,0,0,0,0,0,0,0,0,0,0,0,0,0,0,0,0,0,0,0,0,0,0,0,0,0,0,0,0,0,0,0,0,0,0,0,0,0,0,0,0,0,0,0,0,0,0,0,0,0,0,0,0,0,0,0,0,0,0,0,0,0,0,0,0,0,0,0,0,0,0,0,0,0,0,0,0,0,cinq
0,0,0,0,0,0,0,0,0,0,0,0,0,0,0,0,0,0,0,0,0,0,0,0,0,0,0,0,0,0,0,0,0,0,0,0,0,0,0,0,0,0,0,0,0,0,0,0,0,0,0,0,0,0,0,0,0,0,0,0,0,0,0,0,0,0,0,0,0,0,0,0,0,0,0,0,0,0,0,0,0,0,0,0,0,0,0,0,0,0,0,0,0,0,0,0,0,0,0,0,0,0,0,0,0,0,0,0,0,0,0,0,0,0,0,0,0,0,0,0,0,0,0,0,0,0,0,0,0,0,0,0,0,0,0,0,0,0,0,0,0,0,0,0,0,0,0,0,21,142,203,203,203,162,82,0,0,0,0,0,0,0,0,0,0,0,0,0,0,0,0,0,0,0,0,62,254,253,254,253,254,253,254,253,193,71,0,0,0,0,0,0,0,0,0,0,0,0,0,0,0,0,0,102,253,252,253,212,151,192,253,252,253,252,142,20,0,0,0,0,0,0,0,0,0,0,0,0,0,0,0,0,0,41,0,0,0,0,21,142,203,243,254,213,82,0,0,0,0,0,0,0,0,0,0,0,0,0,0,0,0,0,0,0,0,0,0,0,0,81,253,252,203,0,0,0,0,0,0,0,0,0,0,0,0,0,0,0,0,41,21,0,0,0,0,0,72,152,254,253,183,0,0,0,0,0,0,0,0,0,0,0,0,0,0,0,123,243,223,203,203,203,203,203,253,252,253,130,20,0,0,0,0,0,0,0,0,0,0,0,0,0,0,0,132,253,254,253,254,253,254,253,254,253,132,10,0,0,0,0,0,0,0,0,0,0,0,0,0,0,0,0,10,50,91,91,151,151,172,252,213,252,253,212,123,0,0,0,0,0,0,0,0,0,0,0,0,0,0,0,0,0,0,0,0,0,0,0,21,183,234,253,254,172,21,0,0,0,0,0,0,0,0,0,0,0,0,0,0,0,0,0,0,0,0,0,0,0,51,151,253,252,203,20,0,0,0,0,0,0,0,0,11,92,152,131,0,0,0,0,0,0,0,0,0,0,0,0,21,203,254,172,0,0,0,0,0,0,0,0,213,252,131,30,0,0,0,0,0,0,0,0,0,0,0,0,0,142,253,252,0,0,0,0,0,0,0,0,254,253,173,31,0,0,0,0,0,0,0,0,0,0,31,51,173,253,254,172,0,0,0,0,0,0,0,0,213,252,253,232,142,102,82,0,0,41,62,102,102,183,233,252,253,252,192,30,0,0,0,0,0,0,0,0,21,183,255,253,255,253,254,253,254,253,254,253,254,253,254,253,183,61,0,0,0,0,0,0,0,0,0,0,0,0,71,151,213,252,253,252,253,252,253,252,253,171,50,50,0,0,0,0,0,0,0,0,0,0,0,0,0,0,0,0,0,0,0,82,102,20,0,0,0,0,0,0,0,0,0,0,0,0,0,0,0,0,0,0,0,0,0,0,0,0,0,0,0,0,0,0,0,0,0,0,0,0,0,0,0,0,0,0,0,0,0,0,0,0,0,0,0,0,0,0,0,0,0,0,0,0,0,0,0,0,0,0,0,0,0,0,0,0,0,0,0,0,0,0,0,0,0,0,0,0,0,0,0,0,0,0,0,0,0,0,0,0,0,0,0,0,0,0,0,0,0,0,0,0,0,0,0,0,0,0,0,0,0,0,0,0,0,0,0,0,0,0,0,0,0,0,0,0,0,0,0,0,0,0,0,0,0,0,0,0,0,0,0,0,0,0,0,0,0,0,trois
0,0,0,0,0,0,0,0,0,0,0,0,0,0,0,0,0,0,0,0,0,0,0,0,0,0,0,0,0,0,0,0,0,0,0,0,0,0,0,0,0,0,0,0,0,0,0,0,0,0,0,0,0,0,0,0,0,0,0,0,0,0,0,0,0,0,0,0,0,0,0,0,0,0,0,0,0,0,0,0,0,0,0,0,0,0,0,0,0,0,0,0,0,0,0,0,0,0,0,0,0,0,0,0,0,0,0,0,0,0,0,0,0,0,0,0,0,0,0,0,0,0,0,0,0,0,0,0,0,0,0,0,0,0,0,0,0,0,0,0,0,0,0,0,0,0,0,0,0,0,0,0,0,0,0,0,0,0,0,0,0,0,0,0,0,0,0,0,0,0,0,0,0,0,0,0,0,2,59,229,254,255,255,254,229,105,18,0,0,0,0,0,0,0,0,0,0,0,0,0,0,0,0,0,0,90,253,253,253,253,253,253,253,253,150,0,0,0,0,0,0,0,0,0,0,0,0,0,0,0,0,0,39,226,252,165,133,32,118,149,252,253,250,165,0,0,0,0,0,0,0,0,0,0,0,0,0,0,0,0,189,253,205,0,0,0,0,0,68,206,253,227,26,0,0,0,0,0,0,0,0,0,0,0,0,0,0,0,155,253,170,0,0,0,0,0,0,132,253,253,43,0,0,0,0,0,0,0,0,0,0,0,0,0,0,0,9,119,10,0,0,0,0,1,37,228,253,195,5,0,0,0,0,0,0,0,0,0,0,0,0,0,0,0,0,0,0,0,0,11,49,159,253,253,248,107,0,0,0,0,0,0,0,0,0,0,0,0,0,0,0,0,0,0,17,87,94,207,253,253,253,220,103,0,0,0,0,0,0,0,0,0,0,0,0,0,0,0,0,3,98,175,237,253,253,253,253,252,165,34,0,0,0,0,0,0,0,0,0,0,0,0,0,0,0,0,0,44,253,253,253,253,253,253,253,246,137,11,0,0,0,0,0,0,0,0,0,0,0,0,0,0,0,0,0,10,134,161,161,125,54,77,195,253,253,210,48,0,0,0,0,0,0,0,0,0,0,0,0,0,0,0,0,0,0,0,0,0,0,0,6,174,253,253,119,0,0,0,0,0,0,0,0,0,0,0,0,0,0,0,0,0,0,0,0,0,0,0,0,17,233,253,190,0,0,0,0,0,0,0,0,0,0,0,0,0,0,0,0,0,0,0,0,0,0,0,0,0,81,253,226,0,0,0,0,0,0,0,0,0,0,0,0,0,0,0,0,0,0,0,0,0,0,0,0,12,209,253,215,0,0,0,0,0,0,0,0,0,0,0,0,0,0,0,0,0,0,0,0,0,0,0,0,124,253,253,119,0,0,0,0,0,0,0,0,0,0,0,0,0,0,0,0,0,0,0,0,0,0,0,121,251,253,253,75,0,0,0,0,0,0,0,0,0,0,0,0,0,0,0,0,0,0,0,0,12,86,210,253,253,232,46,1,0,0,0,0,0,0,0,0,0,0,0,0,0,0,0,0,0,53,76,179,204,253,253,228,174,26,0,0,0,0,0,0,0,0,0,0,0,0,0,0,0,0,0,0,0,189,253,253,253,154,123,24,0,0,0,0,0,0,0,0,0,0,0,0,0,0,0,0,0,0,0,0,0,0,0,0,0,0,0,0,0,0,0,0,0,0,0,0,0,0,0,0,0,0,0,0,0,0,0,0,0,0,0,0,0,0,0,0,0,0,0,0,0,0,0,0,0,0,0,0,0,trois
0,0,0,0,0,0,0,0,0,0,0,0,0,0,0,0,0,0,0,0,0,0,0,0,0,0,0,0,0,0,0,0,0,0,0,0,0,0,0,0,0,0,0,0,0,0,0,0,0,0,0,0,0,0,0,0,0,0,0,0,0,0,0,0,0,0,0,0,0,0,0,0,0,0,0,0,0,0,0,0,0,0,0,0,0,0,0,0,0,0,0,0,0,0,0,0,0,0,0,0,0,0,0,0,0,0,0,0,0,0,0,0,0,0,0,0,0,0,0,0,0,0,0,0,0,0,0,0,0,0,0,0,0,0,0,0,0,0,0,0,0,0,0,0,0,0,0,0,0,0,0,0,0,0,0,0,0,0,0,0,0,0,0,0,0,0,0,0,0,0,0,0,0,0,0,0,0,0,0,0,0,0,0,0,0,0,0,0,0,0,0,0,0,0,0,0,0,0,0,0,0,0,0,0,0,0,0,0,0,0,0,0,0,0,0,0,0,0,0,0,0,0,0,0,0,0,0,0,0,0,0,0,0,0,0,0,0,0,60,143,142,104,64,64,60,0,0,0,0,0,0,0,0,0,0,0,0,0,0,0,0,0,0,0,0,110,252,254,253,253,253,253,253,238,223,158,183,0,0,0,0,0,0,0,0,0,0,0,0,0,0,12,121,244,249,209,40,15,80,80,159,158,158,70,50,0,0,0,0,0,0,0,0,0,0,0,0,0,17,218,253,235,78,0,0,0,0,0,0,0,0,0,0,0,0,0,0,0,0,0,0,0,0,0,0,0,199,253,174,21,0,0,0,0,0,0,0,0,0,0,0,0,0,0,0,0,0,0,0,0,0,0,0,95,254,243,82,0,0,0,0,0,0,0,0,0,0,0,0,0,0,0,0,0,0,0,0,0,0,0,0,105,254,253,250,193,60,0,0,0,0,0,0,0,0,0,0,0,0,0,0,0,0,0,0,0,0,0,0,0,55,115,198,247,254,195,24,0,0,0,0,0,0,0,0,0,0,0,0,0,0,0,0,0,0,0,0,0,0,0,0,36,197,254,123,0,0,0,0,0,0,0,0,0,0,0,0,0,0,0,0,0,0,0,0,0,0,0,0,0,30,254,167,0,0,0,0,0,0,0,0,0,0,0,0,0,0,0,0,0,0,0,0,0,0,0,0,56,177,254,147,0,0,0,0,0,0,0,0,0,0,0,0,0,0,0,0,0,0,0,0,0,80,90,223,246,253,174,44,0,0,0,0,0,0,0,0,0,0,0,0,0,0,0,0,200,219,189,254,254,255,254,241,218,110,0,0,0,0,0,0,0,0,0,0,0,0,0,0,0,0,0,0,44,73,142,142,142,142,83,12,0,0,0,0,0,0,0,0,0,0,0,0,0,0,0,0,0,0,0,0,0,0,0,0,0,0,0,0,0,0,0,0,0,0,0,0,0,0,0,0,0,0,0,0,0,0,0,0,0,0,0,0,0,0,0,0,0,0,0,0,0,0,0,0,0,0,0,0,0,0,0,0,0,0,0,0,0,0,0,0,0,0,0,0,0,0,0,0,0,0,0,0,0,0,0,0,0,0,0,0,0,0,0,0,0,0,0,0,0,0,0,0,0,0,0,0,0,0,0,0,0,0,0,0,0,0,0,0,0,0,0,0,0,0,0,0,0,0,0,0,0,0,0,0,0,0,0,0,0,0,0,0,0,0,0,0,0,0,0,0,0,0,0,0,0,0,0,0,0,0,0,0,0,0,0,0,0,0,0,0,0,0,0,cinq
0,0,0,0,0,0,0,0,0,0,0,0,0,0,0,0,0,0,0,0,0,0,0,0,0,0,0,0,0,0,0,0,0,0,0,0,0,0,0,0,0,0,0,0,0,0,0,0,0,0,0,0,0,0,0,0,0,0,0,0,0,0,0,0,0,0,0,0,0,0,0,0,0,0,0,0,0,0,0,0,0,0,0,0,0,0,0,0,0,0,0,0,0,0,0,0,0,0,0,0,0,0,0,0,0,0,0,0,0,0,0,0,0,0,0,0,0,0,0,0,0,0,0,0,0,0,0,0,0,0,0,0,0,0,0,0,0,0,0,0,0,0,0,0,0,0,0,0,0,0,0,0,0,0,0,0,0,0,0,0,0,0,0,0,0,0,0,0,0,0,0,0,0,0,0,0,0,0,0,0,0,32,71,104,157,158,157,157,157,157,157,119,66,0,0,0,0,0,0,0,0,0,0,0,0,0,13,122,236,244,253,253,253,254,253,253,253,253,253,253,252,236,206,0,0,0,0,0,0,0,0,0,0,13,185,253,245,200,222,248,83,26,50,114,114,38,26,26,32,50,26,0,0,0,0,0,0,0,0,0,0,77,253,230,75,0,21,57,0,0,0,0,0,0,0,0,0,0,0,0,0,0,0,0,0,0,0,0,34,229,253,125,0,0,0,0,0,0,0,0,0,0,0,0,0,0,0,0,0,0,0,0,0,0,0,0,119,253,211,7,0,0,0,0,0,0,0,0,0,0,0,0,0,0,0,0,0,0,0,0,0,0,0,33,248,253,140,0,0,0,0,0,0,0,0,0,0,0,0,0,0,0,0,0,0,0,0,0,0,0,0,49,247,253,238,184,141,97,97,64,9,0,0,0,0,0,0,0,0,0,0,0,0,0,0,0,0,0,0,0,104,217,253,253,253,253,253,253,253,148,3,0,0,0,0,0,0,0,0,0,0,0,0,0,0,0,0,0,0,0,19,88,88,97,175,177,254,255,229,11,0,0,0,0,0,0,0,0,0,0,0,0,0,0,0,0,0,0,0,0,0,0,0,1,39,205,253,126,0,0,0,0,0,0,0,0,0,0,0,0,0,0,0,0,0,0,0,0,0,0,0,0,0,79,253,191,0,0,0,0,0,0,0,0,0,0,0,0,0,0,0,0,0,0,0,0,0,0,0,0,0,98,253,173,0,0,0,0,0,0,0,0,0,0,0,0,0,0,0,162,35,0,0,0,0,0,0,0,16,242,253,59,0,0,0,0,0,0,0,0,0,0,0,0,0,0,0,199,241,128,44,29,0,0,0,17,198,254,243,15,0,0,0,0,0,0,0,0,0,0,0,0,0,0,0,44,231,253,253,244,201,201,201,221,253,254,74,0,0,0,0,0,0,0,0,0,0,0,0,0,0,0,0,0,17,82,166,235,238,239,236,240,205,91,2,0,0,0,0,0,0,0,0,0,0,0,0,0,0,0,0,0,0,0,0,0,10,15,5,19,0,0,0,0,0,0,0,0,0,0,0,0,0,0,0,0,0,0,0,0,0,0,0,0,0,0,0,0,0,0,0,0,0,0,0,0,0,0,0,0,0,0,0,0,0,0,0,0,0,0,0,0,0,0,0,0,0,0,0,0,0,0,0,0,0,0,0,0,0,0,0,0,0,0,0,0,0,0,0,0,0,0,0,0,0,0,0,0,0,0,0,0,0,0,0,0,0,0,0,0,0,0,0,0,0,0,0,0,0,0,0,0,0,0,0,0,0,0,0,0,0,0,0,0,cinq
0,0,0,0,0,0,0,0,0,0,0,0,0,0,0,0,0,0,0,0,0,0,0,0,0,0,0,0,0,0,0,0,0,0,0,0,0,0,0,0,0,0,0,0,0,0,0,0,0,0,0,0,0,0,0,0,0,0,0,0,0,0,0,0,0,0,0,0,0,0,0,0,0,0,0,0,0,0,0,0,0,0,0,0,0,0,0,0,0,0,0,0,0,0,0,0,0,0,0,0,0,0,0,0,0,0,0,0,0,0,0,0,0,0,0,0,0,0,0,0,0,0,0,0,0,0,0,0,0,0,0,0,0,0,0,0,0,0,0,0,0,0,0,0,0,0,0,0,0,0,36,211,254,254,241,144,144,35,0,0,0,0,0,0,0,0,0,0,0,0,0,0,0,0,0,0,0,62,247,253,253,253,254,253,253,247,91,0,0,0,0,0,0,0,0,0,0,0,0,0,0,0,0,0,0,89,253,236,154,154,154,223,253,253,244,171,52,0,0,0,0,0,0,0,0,0,0,0,0,0,0,0,0,81,241,95,0,0,0,7,54,229,253,253,141,0,0,0,0,0,0,0,0,0,0,0,0,0,0,0,0,0,39,0,0,0,0,0,0,23,253,253,250,65,0,0,0,0,0,0,0,0,0,0,0,0,0,0,0,0,0,0,0,0,0,0,35,199,253,253,206,22,0,0,0,0,0,0,0,0,0,0,0,0,0,0,0,0,0,0,0,10,75,199,241,253,253,245,78,0,0,0,0,0,0,0,0,0,0,0,0,0,0,0,0,16,45,113,155,241,254,253,253,250,185,22,0,0,0,0,0,0,0,0,0,0,0,0,0,0,0,51,188,211,253,253,253,253,254,253,253,238,27,0,0,0,0,0,0,0,0,0,0,0,0,0,0,0,0,133,253,253,253,253,253,253,206,253,253,253,208,24,0,0,0,0,0,0,0,0,0,0,0,0,0,0,0,10,183,183,111,111,29,0,0,0,135,253,254,70,0,0,0,0,0,0,0,0,0,0,0,0,0,0,0,0,0,0,0,0,0,0,0,0,0,214,253,227,15,0,0,0,0,0,0,0,0,0,0,0,0,0,0,0,0,0,0,0,0,0,0,0,0,133,253,253,22,0,0,0,0,0,0,0,0,0,0,0,0,0,0,0,0,0,0,0,0,0,0,0,0,142,253,253,22,0,0,0,0,0,0,0,0,0,0,0,0,0,0,0,0,0,0,0,0,0,0,0,90,250,253,234,17,0,0,0,0,0,0,0,0,0,0,0,0,0,0,0,0,0,0,0,0,0,12,166,244,253,253,79,0,0,0,0,0,0,0,0,0,0,0,0,0,0,0,0,0,0,0,7,45,122,236,253,253,238,108,5,0,0,0,0,0,0,0,0,0,0,0,0,0,0,81,145,69,155,155,215,253,253,255,253,236,52,0,0,0,0,0,0,0,0,0,0,0,0,0,0,0,0,176,253,253,253,253,253,253,253,177,99,40,0,0,0,0,0,0,0,0,0,0,0,0,0,0,0,0,0,13,42,143,230,200,143,110,33,0,0,0,0,0,0,0,0,0,0,0,0,0,0,0,0,0,0,0,0,0,0,0,0,0,0,0,0,0,0,0,0,0,0,0,0,0,0,0,0,0,0,0,0,0,0,0,0,0,0,0,0,0,0,0,0,0,0,0,0,0,0,0,0,0,0,0,0,0,0,0,0,0,0,0,0,0,0,0,0,0,0,0,0,0,0,0,0,0,0,0,0,0,0,0,0,0,0,trois
0,0,0,0,0,0,0,0,0,0,0,0,0,0,0,0,0,0,0,0,0,0,0,0,0,0,0,0,0,0,0,0,0,0,0,0,0,0,0,0,0,0,0,0,0,0,0,0,0,0,0,0,0,0,0,0,0,0,0,0,0,0,0,0,0,0,0,0,0,0,0,0,0,0,0,0,0,0,0,0,0,0,0,0,0,0,0,0,0,0,0,0,0,0,0,0,0,0,0,0,0,0,0,0,0,0,0,0,0,0,0,0,0,0,0,0,0,0,0,0,0,0,0,0,0,0,0,0,0,0,0,0,0,0,0,0,0,0,0,0,0,0,0,0,0,0,0,0,0,0,13,183,253,253,253,193,105,105,55,0,0,0,0,0,0,0,0,0,0,0,0,0,0,0,0,0,0,18,170,252,252,252,252,253,252,252,231,208,103,28,0,0,0,0,0,0,0,0,0,0,0,0,0,0,0,75,252,252,252,252,252,253,252,252,252,252,252,205,9,0,0,0,0,0,0,0,0,0,0,0,0,0,0,145,252,188,132,132,132,133,160,252,252,252,252,252,14,0,0,0,0,0,0,0,0,0,0,0,0,5,75,232,252,157,4,0,0,0,7,29,99,177,177,177,10,0,0,0,0,0,0,0,0,0,0,0,0,15,252,252,252,252,14,0,0,0,0,0,0,0,0,0,0,0,0,0,0,0,0,0,0,0,0,0,0,7,181,252,252,252,14,0,0,0,0,0,0,0,0,0,0,0,0,0,0,0,0,0,0,0,0,0,0,0,120,252,252,252,99,21,0,0,0,0,0,0,0,0,0,0,0,0,0,0,0,0,0,0,0,0,0,0,49,235,252,252,252,207,193,46,35,0,0,0,0,0,0,0,0,0,0,0,0,0,0,0,0,0,0,0,120,252,252,252,252,252,252,253,192,0,0,0,0,0,0,0,0,0,0,0,0,0,0,0,0,0,0,0,121,253,253,253,253,253,253,255,253,150,0,0,0,0,0,0,0,0,0,0,0,0,0,0,0,0,0,0,120,252,252,140,44,70,227,253,252,240,32,0,0,0,0,0,0,0,0,0,0,0,0,0,0,0,0,0,42,224,223,42,0,0,53,253,252,252,132,0,0,0,0,0,0,0,0,0,0,0,0,0,0,0,0,0,0,40,39,0,0,0,0,253,252,252,132,0,0,0,0,0,0,0,0,0,0,0,0,0,0,0,0,0,0,0,0,0,0,0,0,253,252,252,132,0,0,0,0,0,0,0,0,0,0,0,0,0,0,0,0,0,0,9,30,30,2,0,0,253,252,252,132,0,0,0,0,0,0,0,0,0,0,0,0,0,0,0,0,0,0,75,252,252,140,134,134,253,252,252,132,0,0,0,0,0,0,0,0,0,0,0,0,0,0,0,0,0,0,75,252,252,252,252,252,253,252,246,86,0,0,0,0,0,0,0,0,0,0,0,0,0,0,0,0,0,0,62,120,231,252,252,252,253,252,210,0,0,0,0,0,0,0,0,0,0,0,0,0,0,0,0,0,0,0,0,0,55,155,252,252,253,128,36,0,0,0,0,0,0,0,0,0,0,0,0,0,0,0,0,0,0,0,0,0,0,0,0,0,0,0,0,0,0,0,0,0,0,0,0,0,0,0,0,0,0,0,0,0,0,0,0,0,0,0,0,0,0,0,0,0,0,0,0,0,0,0,0,0,0,0,0,0,0,0,0,0,0,0,0,0,0,0,0,0,0,0,0,0,0,0,0,0,0,0,0,0,0,cinq
0,0,0,0,0,0,0,0,0,0,0,0,0,0,0,0,0,0,0,0,0,0,0,0,0,0,0,0,0,0,0,0,0,0,0,0,0,0,0,0,0,0,0,0,0,0,0,0,0,0,0,0,0,0,0,0,0,0,0,0,0,0,0,0,0,0,0,0,0,0,0,0,0,0,0,0,0,0,0,0,0,0,0,0,0,0,0,0,0,0,0,0,0,0,0,0,0,0,0,0,0,0,0,0,0,0,0,0,0,0,0,0,0,0,0,0,0,0,0,0,0,0,0,0,0,0,0,0,0,0,0,0,0,0,0,0,0,0,0,0,0,0,0,0,0,0,0,0,0,0,0,9,76,139,138,48,0,0,0,0,0,0,0,0,0,0,0,0,0,0,0,0,0,0,0,22,26,68,161,194,252,253,252,227,161,15,0,0,0,0,0,0,0,0,0,0,0,0,0,49,184,184,184,215,222,252,252,252,221,190,252,252,252,22,0,0,0,0,0,0,0,0,0,0,0,0,0,233,252,252,252,252,253,252,185,160,88,5,126,252,252,22,0,0,0,0,0,0,0,0,0,0,0,0,0,86,137,221,157,32,23,22,6,0,0,11,203,252,252,22,0,0,0,0,0,0,0,0,0,0,0,0,0,0,0,0,0,0,0,0,0,0,11,255,253,215,74,0,0,0,0,0,0,0,0,0,0,0,0,0,0,0,0,0,0,0,0,0,0,17,193,253,223,98,0,0,0,0,0,0,0,0,0,0,0,0,0,0,0,0,0,0,0,0,0,0,51,188,252,215,67,0,0,0,0,0,0,0,0,0,0,0,0,0,0,0,0,0,0,0,0,0,0,17,209,252,252,63,17,93,17,0,0,0,0,0,0,0,0,0,0,0,0,0,0,0,0,0,0,0,22,234,252,252,252,241,234,252,234,230,231,209,116,21,0,0,0,0,0,0,0,0,0,0,0,0,0,0,24,253,253,253,243,242,230,230,239,253,255,253,253,253,86,0,0,0,0,0,0,0,0,0,0,0,0,0,9,92,92,92,50,42,0,0,34,92,92,113,240,252,137,0,0,0,0,0,0,0,0,0,0,0,0,0,0,0,0,0,0,0,0,0,0,0,0,34,234,252,137,0,0,0,0,0,0,0,0,0,0,0,0,0,0,0,0,0,0,0,0,0,0,0,0,26,221,252,189,0,0,0,0,0,0,0,0,0,0,0,0,0,0,0,0,0,0,0,0,0,0,0,11,193,252,210,22,0,0,0,0,0,0,0,0,0,0,0,0,0,0,36,101,0,0,0,0,0,0,74,255,253,247,94,0,0,0,0,0,0,0,0,0,0,0,0,0,0,0,161,227,67,5,47,47,47,140,244,253,244,98,0,0,0,0,0,0,0,0,0,0,0,0,0,0,0,0,65,234,252,190,253,252,252,252,252,173,56,0,0,0,0,0,0,0,0,0,0,0,0,0,0,0,0,0,0,65,194,252,253,252,252,176,56,0,0,0,0,0,0,0,0,0,0,0,0,0,0,0,0,0,0,0,0,0,9,128,23,22,22,4,0,0,0,0,0,0,0,0,0,0,0,0,0,0,0,0,0,0,0,0,0,0,0,0,0,0,0,0,0,0,0,0,0,0,0,0,0,0,0,0,0,0,0,0,0,0,0,0,0,0,0,0,0,0,0,0,0,0,0,0,0,0,0,0,0,0,0,0,0,0,0,0,0,0,0,0,0,0,0,0,0,0,0,0,0,0,0,0,0,0,0,0,0,0,0,trois
0,0,0,0,0,0,0,0,0,0,0,0,0,0,0,0,0,0,0,0,0,0,0,0,0,0,0,0,0,0,0,0,0,0,0,0,0,0,0,0,0,0,0,0,0,0,0,0,0,0,0,0,0,0,0,0,0,0,0,0,0,0,0,0,0,0,0,0,0,0,0,0,0,0,0,0,0,0,0,0,0,0,0,0,0,0,0,0,0,0,0,0,0,0,0,0,0,0,0,0,0,0,0,0,0,0,0,0,0,0,0,0,0,0,0,0,0,0,0,0,0,5,13,123,133,198,255,255,173,38,0,0,0,0,0,0,0,0,0,0,0,0,0,0,0,0,0,0,54,181,253,253,253,254,253,253,253,176,46,0,0,0,0,0,0,0,0,0,0,0,0,0,0,0,0,0,194,253,253,253,218,154,96,176,253,253,180,0,0,0,0,0,0,0,0,0,0,0,0,0,0,0,0,0,171,253,165,84,4,0,0,13,197,253,229,32,0,0,0,0,0,0,0,0,0,0,0,0,0,0,0,0,21,72,10,0,0,0,0,56,230,253,236,37,0,0,0,0,0,0,0,0,0,0,0,0,0,0,0,0,0,0,0,0,0,45,194,231,253,253,146,0,0,0,0,0,0,0,0,0,0,0,0,0,0,0,0,0,0,0,0,0,41,232,253,253,237,82,12,0,0,0,0,0,0,0,0,0,0,0,0,0,0,0,0,0,0,0,38,149,235,254,253,222,29,0,0,0,0,0,0,0,0,0,0,0,0,0,0,0,0,0,0,0,0,0,207,253,253,254,253,250,207,31,0,0,0,0,0,0,0,0,0,0,0,0,0,0,0,0,0,0,0,0,160,253,253,254,253,253,253,245,116,0,0,0,0,0,0,0,0,0,0,0,0,0,0,0,0,0,0,0,0,53,122,59,70,138,250,254,254,214,25,0,0,0,0,0,0,0,0,0,0,0,0,0,0,0,0,0,0,0,0,0,0,0,73,212,253,253,212,14,0,0,0,0,0,0,0,0,0,0,0,0,0,0,0,0,0,0,0,0,0,0,0,69,199,253,253,99,0,0,0,0,0,0,0,0,0,0,0,0,0,0,0,0,0,0,0,0,0,0,0,0,73,253,253,144,0,0,0,0,0,0,0,0,0,0,0,0,0,0,0,0,0,0,0,0,0,0,0,0,73,253,253,144,0,0,0,0,0,0,0,0,0,0,0,0,0,0,0,0,0,0,0,0,0,0,0,18,182,253,253,110,0,0,0,0,0,0,0,0,0,0,49,86,69,0,0,0,0,0,0,45,86,86,109,217,253,253,221,16,0,0,0,0,0,0,0,0,0,0,145,253,247,218,218,218,218,166,155,238,253,253,253,253,253,253,53,0,0,0,0,0,0,0,0,0,0,0,14,99,144,144,228,253,253,253,253,254,253,253,253,175,144,46,4,0,0,0,0,0,0,0,0,0,0,0,0,0,0,0,9,52,132,184,253,191,63,11,11,4,0,0,0,0,0,0,0,0,0,0,0,0,0,0,0,0,0,0,0,0,0,0,0,0,0,0,0,0,0,0,0,0,0,0,0,0,0,0,0,0,0,0,0,0,0,0,0,0,0,0,0,0,0,0,0,0,0,0,0,0,0,0,0,0,0,0,0,0,0,0,0,0,0,0,0,0,0,0,0,0,0,0,0,0,0,0,0,0,0,0,0,0,0,0,0,0,0,0,0,0,0,0,0,0,0,0,0,0,0,0,0,0,0,0,0,0,0,0,0,0,0,0,trois
0,0,0,0,0,0,0,0,0,0,0,0,0,0,0,0,0,0,0,0,0,0,0,0,0,0,0,0,0,0,0,0,0,0,0,0,0,0,0,0,0,0,0,0,0,0,0,0,0,0,0,0,0,0,0,0,0,0,0,0,0,0,0,0,0,0,0,0,0,0,0,0,0,0,0,0,0,0,0,0,0,0,0,0,0,0,0,0,0,0,0,0,0,0,0,0,0,0,0,0,0,0,0,0,0,0,0,0,0,0,0,0,0,0,0,0,0,0,0,0,0,0,188,255,160,14,0,0,0,0,0,0,0,0,0,0,0,0,0,0,0,0,0,0,0,0,0,0,0,0,226,253,253,230,119,36,20,0,0,0,0,0,0,0,0,0,0,0,0,0,0,0,0,0,0,0,0,0,43,230,253,253,253,253,217,112,48,0,0,0,0,0,0,0,0,0,0,0,0,0,0,0,0,0,0,0,0,36,150,253,253,253,253,253,246,113,20,0,0,0,0,0,0,0,0,0,0,0,0,0,0,0,0,0,0,0,8,74,191,253,253,253,253,253,220,85,0,0,0,0,0,0,0,0,0,0,0,0,0,0,0,0,0,0,0,0,9,29,82,152,253,253,253,205,15,0,0,0,0,0,0,0,0,0,0,0,0,0,0,0,0,0,0,0,0,3,59,185,253,253,253,171,2,0,0,0,0,0,0,0,0,0,0,0,0,0,0,0,1,24,24,52,142,184,253,253,253,253,206,23,0,0,0,0,0,0,0,0,0,0,0,0,29,42,138,160,162,253,253,253,253,253,253,253,253,176,38,0,0,0,0,0,0,0,0,0,0,0,0,25,229,253,253,253,253,253,253,253,253,253,253,253,253,253,168,40,0,0,0,0,0,0,0,0,0,0,0,25,228,253,253,253,253,253,253,253,230,205,219,252,253,253,253,234,27,0,0,0,0,0,0,0,0,0,0,0,28,96,41,41,41,41,41,41,29,16,23,40,55,158,227,253,171,7,0,0,0,0,0,0,0,0,0,0,0,0,0,0,0,0,0,0,0,0,0,0,0,0,183,253,253,17,0,0,0,0,0,0,0,0,0,0,0,0,0,0,0,0,0,0,0,0,0,0,0,86,219,253,253,17,0,0,0,0,0,0,0,0,0,0,0,0,0,0,0,0,0,0,0,0,0,16,99,217,253,253,242,15,0,0,0,0,0,0,0,0,0,0,0,0,0,0,0,0,0,12,48,48,101,211,253,253,253,238,69,0,0,0,0,0,0,0,0,0,0,0,45,17,0,0,63,77,183,200,253,253,253,253,253,211,158,48,0,0,0,0,0,0,0,0,0,0,6,155,236,214,201,201,251,253,253,253,253,253,253,249,102,19,0,0,0,0,0,0,0,0,0,0,0,0,18,253,253,253,253,253,253,253,253,253,223,153,101,33,0,0,0,0,0,0,0,0,0,0,0,0,0,0,10,207,253,253,253,148,135,125,73,17,12,0,0,0,0,0,0,0,0,0,0,0,0,0,0,0,0,0,0,0,0,0,0,0,0,0,0,0,0,0,0,0,0,0,0,0,0,0,0,0,0,0,0,0,0,0,0,0,0,0,0,0,0,0,0,0,0,0,0,0,0,0,0,0,0,0,0,0,0,0,0,0,0,0,0,0,0,0,0,0,0,0,0,0,0,0,0,0,0,0,0,0,0,0,0,0,0,0,0,0,0,0,0,0,0,0,0,0,0,0,0,0,0,0,0,0,0,0,0,0,0,0,0,0,0,0,trois
0,0,0,0,0,0,0,0,0,0,0,0,0,0,0,0,0,0,0,0,0,0,0,0,0,0,0,0,0,0,0,0,0,0,0,0,0,0,0,0,0,0,0,0,0,0,0,0,0,0,0,0,0,0,0,0,0,0,0,0,0,0,0,0,0,0,0,0,0,0,0,0,0,0,0,0,0,0,0,0,0,0,0,0,0,0,0,0,0,0,0,0,0,0,0,0,0,0,0,0,0,0,0,0,0,0,0,0,0,0,0,0,0,0,0,0,0,0,0,0,0,0,0,0,0,0,0,0,0,0,97,228,255,182,11,0,0,0,0,0,0,0,0,0,0,0,0,0,0,0,0,0,0,4,152,178,197,203,249,253,254,182,3,0,0,0,0,0,0,0,0,0,0,0,0,0,0,0,0,0,0,77,253,254,253,234,210,127,127,54,0,0,0,0,0,0,0,0,0,0,0,0,0,0,0,0,0,0,36,241,253,209,60,27,0,0,0,0,0,0,0,0,0,0,0,0,0,0,0,0,0,0,0,0,0,20,204,253,155,0,0,0,0,0,0,0,0,0,0,0,0,0,0,0,0,0,0,0,0,0,0,0,21,209,254,209,0,0,0,0,0,0,0,0,0,0,0,0,0,0,0,0,0,0,0,0,0,0,0,72,241,253,253,141,145,145,94,8,0,0,0,0,0,0,0,0,0,0,0,0,0,0,0,0,0,0,0,181,254,253,253,253,253,254,253,209,27,0,0,0,0,0,0,0,0,0,0,0,0,0,0,0,0,0,0,110,254,253,253,245,202,203,251,253,165,6,0,0,0,0,0,0,0,0,0,0,0,0,0,0,0,0,0,91,254,253,227,41,0,0,87,240,253,105,0,0,0,0,0,0,0,0,0,0,0,0,0,0,0,0,0,92,255,254,159,0,0,0,0,192,254,254,0,0,0,0,0,0,0,0,0,0,0,0,0,0,0,0,0,91,254,221,22,0,0,0,0,76,253,253,0,0,0,0,0,0,0,0,0,0,0,0,0,0,0,0,0,46,217,106,0,0,0,0,0,37,253,253,0,0,0,0,0,0,0,0,0,0,0,0,0,0,0,0,0,0,0,0,0,0,0,0,0,115,253,253,0,0,0,0,0,0,0,0,0,0,0,0,0,0,0,0,0,33,124,7,0,0,0,0,0,217,253,188,0,0,0,0,0,0,0,0,0,0,0,0,0,0,0,0,38,228,182,0,0,0,0,0,139,254,254,72,0,0,0,0,0,0,0,0,0,0,0,0,0,0,0,8,172,253,45,0,0,0,0,81,245,253,164,5,0,0,0,0,0,0,0,0,0,0,0,0,0,0,0,115,253,253,192,128,128,198,217,254,253,163,8,0,0,0,0,0,0,0,0,0,0,0,0,0,0,0,0,86,249,253,254,253,253,253,253,254,216,21,0,0,0,0,0,0,0,0,0,0,0,0,0,0,0,0,0,0,57,105,163,162,227,124,72,72,5,0,0,0,0,0,0,0,0,0,0,0,0,0,0,0,0,0,0,0,0,0,0,0,0,0,0,0,0,0,0,0,0,0,0,0,0,0,0,0,0,0,0,0,0,0,0,0,0,0,0,0,0,0,0,0,0,0,0,0,0,0,0,0,0,0,0,0,0,0,0,0,0,0,0,0,0,0,0,0,0,0,0,0,0,0,0,0,0,0,0,0,0,0,0,0,0,0,0,0,0,0,0,0,0,0,0,0,0,0,0,0,0,0,0,0,0,0,0,0,0,0,0,0,cinq
0,0,0,0,0,0,0,0,0,0,0,0,0,0,0,0,0,0,0,0,0,0,0,0,0,0,0,0,0,0,0,0,0,0,0,0,0,0,0,0,0,0,0,0,0,0,0,0,0,0,0,0,0,0,0,0,0,0,0,0,0,0,0,0,0,0,0,0,0,0,0,0,0,0,0,0,0,0,0,0,0,0,0,0,0,0,0,0,0,0,0,0,0,0,0,0,0,0,0,0,0,0,0,0,0,0,0,0,0,0,0,0,0,0,0,0,0,0,0,0,0,0,0,0,0,0,0,0,0,0,0,0,0,0,0,0,0,0,0,0,0,0,0,0,0,0,0,0,0,0,83,253,255,239,154,77,48,0,0,0,0,0,0,0,0,0,0,0,0,0,0,0,0,0,0,0,0,7,230,254,132,191,221,254,247,93,2,0,0,0,0,0,0,0,0,0,0,0,0,0,0,0,0,0,0,4,202,254,17,0,13,123,218,176,4,0,0,0,0,0,0,0,0,0,0,0,0,0,0,0,0,0,0,0,174,254,17,0,0,142,11,0,0,0,0,0,0,0,0,0,0,0,0,0,0,0,0,0,0,0,0,0,135,254,17,0,0,0,0,0,0,0,0,0,0,0,0,0,0,0,0,0,0,0,0,0,0,0,0,0,83,253,21,0,0,0,0,0,0,0,0,0,0,0,0,0,0,0,0,0,0,0,0,0,0,0,0,0,0,250,107,0,0,0,0,0,0,0,0,0,0,0,0,0,0,0,0,0,0,0,0,0,0,0,0,0,0,225,211,9,0,0,0,0,0,0,0,0,0,0,0,0,0,0,0,0,0,0,0,0,0,0,0,0,0,110,254,72,0,0,0,0,0,0,0,0,0,0,0,0,0,0,0,0,0,0,0,0,0,0,0,0,0,34,245,248,138,11,0,0,0,0,0,0,0,0,0,0,0,0,0,0,0,0,0,0,0,0,0,0,0,0,62,228,254,176,9,0,0,0,0,0,0,0,0,0,0,0,0,0,0,0,0,0,0,0,0,0,0,0,0,31,176,254,115,0,0,0,0,0,0,0,0,0,0,0,0,0,0,0,0,0,0,0,0,0,0,0,0,0,9,211,251,32,0,0,0,0,0,0,0,0,0,0,0,0,0,0,0,0,0,0,0,0,0,0,0,0,0,42,231,169,3,0,0,0,0,0,0,0,0,0,0,0,0,0,0,0,0,0,0,0,0,0,0,0,0,0,183,254,9,0,0,0,0,0,0,0,0,0,0,0,0,0,0,0,0,0,0,0,0,0,0,0,0,0,133,254,9,0,0,0,0,0,0,0,0,0,0,0,0,0,0,0,0,0,0,0,0,0,0,0,0,0,171,254,9,0,0,0,0,0,0,0,0,0,0,0,0,0,0,0,0,0,0,0,39,204,65,0,0,24,240,179,2,0,0,0,0,0,0,0,0,0,0,0,0,0,0,0,0,0,0,0,51,252,239,192,149,198,242,51,0,0,0,0,0,0,0,0,0,0,0,0,0,0,0,0,0,0,0,0,0,75,158,243,243,158,21,0,0,0,0,0,0,0,0,0,0,0,0,0,0,0,0,0,0,0,0,0,0,0,0,0,0,0,0,0,0,0,0,0,0,0,0,0,0,0,0,0,0,0,0,0,0,0,0,0,0,0,0,0,0,0,0,0,0,0,0,0,0,0,0,0,0,0,0,0,0,0,0,0,0,0,0,0,0,0,0,0,0,0,0,0,0,0,0,0,0,0,0,0,0,0,cinq
0,0,0,0,0,0,0,0,0,0,0,0,0,0,0,0,0,0,0,0,0,0,0,0,0,0,0,0,0,0,0,0,0,0,0,0,0,0,0,0,0,0,0,0,0,0,0,0,0,0,0,0,0,0,0,0,0,0,0,0,0,0,0,0,0,0,0,0,0,0,0,0,0,0,0,0,0,0,0,0,0,0,0,0,0,0,0,0,0,0,0,0,0,0,0,0,0,0,0,0,0,0,0,0,0,0,0,0,0,0,0,0,0,0,0,0,0,0,0,0,182,253,253,207,132,132,13,13,13,10,0,0,0,11,7,0,0,0,0,0,0,0,0,0,0,0,0,28,222,252,252,252,252,252,253,252,252,231,145,145,145,237,206,7,0,0,0,0,0,0,0,0,0,0,0,66,252,242,119,199,231,252,253,252,252,252,252,252,252,252,184,5,0,0,0,0,0,0,0,0,0,0,0,169,252,180,0,0,36,84,84,95,204,204,238,252,236,157,48,0,0,0,0,0,0,0,0,0,0,0,27,229,252,180,0,0,0,0,0,0,0,0,52,72,48,0,0,0,0,0,0,0,0,0,0,0,0,0,26,228,252,180,0,0,0,0,0,0,0,0,0,0,0,0,0,0,0,0,0,0,0,0,0,0,0,0,0,169,252,239,108,12,0,0,0,0,0,0,0,0,0,0,0,0,0,0,0,0,0,0,0,0,0,0,0,47,225,252,252,119,9,0,0,0,0,0,0,0,0,0,0,0,0,0,0,0,0,0,0,0,0,0,0,0,129,252,252,252,231,114,105,0,0,0,0,0,0,0,0,0,0,0,0,0,0,0,0,0,0,0,0,0,3,46,230,252,252,252,253,241,166,98,0,0,0,0,0,0,0,0,0,0,0,0,0,0,0,0,0,0,0,0,0,105,172,241,255,253,253,253,253,161,35,2,0,0,0,0,0,0,0,0,0,0,0,0,0,0,0,0,0,0,0,0,109,176,231,252,252,252,252,159,25,0,0,0,0,0,0,0,0,0,0,0,0,0,0,0,0,0,0,0,0,0,14,96,182,226,252,252,159,2,0,0,0,0,0,0,0,0,0,0,0,0,0,0,0,0,0,0,0,0,0,0,0,96,252,252,231,9,0,0,0,0,0,0,0,0,0,0,38,84,181,129,0,0,0,0,0,0,0,0,73,235,252,252,143,0,0,0,0,0,0,0,0,0,0,42,184,252,200,71,0,0,0,0,0,0,46,96,235,252,252,224,103,0,0,0,0,0,0,0,0,0,5,181,240,88,14,0,0,0,0,81,86,153,234,252,252,252,224,46,0,0,0,0,0,0,0,0,0,0,70,252,247,217,217,217,217,217,217,251,253,252,252,252,229,122,24,0,0,0,0,0,0,0,0,0,0,0,7,206,252,252,252,252,252,252,252,252,253,252,252,179,52,0,0,0,0,0,0,0,0,0,0,0,0,0,0,7,87,154,252,252,252,252,200,131,127,11,11,4,0,0,0,0,0,0,0,0,0,0,0,0,0,0,0,0,0,0,0,0,0,0,0,0,0,0,0,0,0,0,0,0,0,0,0,0,0,0,0,0,0,0,0,0,0,0,0,0,0,0,0,0,0,0,0,0,0,0,0,0,0,0,0,0,0,0,0,0,0,0,0,0,0,0,0,0,0,0,0,0,0,0,0,0,0,0,0,0,0,0,0,0,0,0,0,0,0,0,0,0,0,0,0,0,0,0,0,0,0,0,0,0,0,0,0,0,0,0,0,0,0,0,cinq
0,0,0,0,0,0,0,0,0,0,0,0,0,0,0,0,0,0,0,0,0,0,0,0,0,0,0,0,0,0,0,0,0,0,0,0,0,0,0,0,0,0,0,0,0,0,0,0,0,0,0,0,0,0,0,0,0,0,0,0,0,0,0,0,0,0,0,0,0,0,0,0,0,0,0,0,0,0,0,0,0,0,0,0,0,0,0,0,0,0,0,0,0,0,0,0,0,0,0,0,0,0,0,0,0,0,0,0,0,0,0,0,0,0,0,0,0,0,0,0,0,0,0,0,0,0,0,0,0,0,0,0,0,0,0,0,0,0,0,0,0,0,0,0,0,0,0,0,0,0,64,191,128,0,0,0,0,0,0,0,0,0,0,0,0,0,0,0,0,0,0,0,0,0,0,0,0,0,255,255,255,128,0,0,0,0,0,0,0,0,0,0,0,0,0,0,0,0,0,0,0,0,0,0,0,191,255,255,255,255,191,0,0,0,0,0,0,0,0,0,0,0,0,0,0,0,0,0,0,0,0,0,64,255,255,255,255,255,255,255,191,128,191,191,255,255,191,64,0,0,0,0,0,0,0,0,0,0,0,64,255,255,255,255,255,255,255,255,255,255,255,255,255,255,255,128,0,0,0,0,0,0,0,0,0,0,0,191,255,255,128,0,0,64,191,255,255,255,255,255,191,128,128,0,0,0,0,0,0,0,0,0,0,0,64,255,255,255,0,0,0,0,0,0,0,0,0,0,0,0,0,0,0,0,0,0,0,0,0,0,0,0,64,255,255,255,191,128,0,0,0,0,0,0,0,0,0,0,0,0,0,0,0,0,0,0,0,0,0,0,0,191,255,255,255,255,255,191,64,0,0,0,0,0,0,0,0,0,0,0,0,0,0,0,0,0,0,0,0,0,0,128,191,255,255,255,255,191,64,0,0,0,0,0,0,0,0,0,0,0,0,0,0,0,0,0,0,0,0,0,0,64,128,255,255,255,255,128,0,0,0,0,0,0,0,0,0,0,0,0,0,0,0,0,0,0,0,0,0,0,0,64,128,255,255,255,191,0,0,0,0,0,0,0,0,0,0,0,0,0,0,0,0,0,0,0,0,0,0,0,0,0,255,255,255,64,0,0,0,0,0,0,0,0,0,0,0,0,0,0,0,0,0,0,0,0,0,0,0,0,128,255,255,128,0,0,0,0,0,0,0,0,0,0,0,0,0,0,0,0,0,0,0,0,0,0,0,0,128,255,255,128,0,0,0,0,0,0,0,0,0,0,0,0,0,0,0,0,0,128,64,0,0,0,0,128,255,255,255,64,0,0,0,0,0,0,0,0,0,0,0,0,0,0,0,0,128,255,128,0,0,64,191,255,255,255,64,0,0,0,0,0,0,0,0,0,0,0,0,0,0,0,0,0,0,255,255,255,255,255,255,255,255,255,64,0,0,0,0,0,0,0,0,0,0,0,0,0,0,0,0,0,0,128,255,255,255,255,255,255,191,0,0,0,0,0,0,0,0,0,0,0,0,0,0,0,0,0,0,0,0,0,128,255,255,255,191,64,0,0,0,0,0,0,0,0,0,0,0,0,0,0,0,0,0,0,0,0,0,0,0,0,0,0,0,0,0,0,0,0,0,0,0,0,0,0,0,0,0,0,0,0,0,0,0,0,0,0,0,0,0,0,0,0,0,0,0,0,0,0,0,0,0,0,0,0,0,0,0,0,0,0,0,0,0,0,0,0,0,0,0,0,0,0,0,0,0,0,0,0,0,0,0,0,cinq
0,0,0,0,0,0,0,0,0,0,0,0,0,0,0,0,0,0,0,0,0,0,0,0,0,0,0,0,0,0,0,0,0,0,0,0,0,0,0,0,0,0,0,0,0,0,0,0,0,0,0,0,0,0,0,0,0,0,0,0,0,0,0,0,0,0,0,0,0,0,0,0,0,0,0,0,0,0,0,0,0,0,0,0,0,0,0,0,0,0,0,0,0,0,0,0,0,0,0,0,0,0,0,0,0,0,0,0,0,0,0,0,0,0,0,0,0,0,0,0,0,0,0,0,0,0,0,0,0,0,0,0,0,0,0,0,0,0,0,0,0,0,0,0,0,0,0,0,0,0,0,0,0,0,0,0,0,0,0,0,0,0,0,0,0,0,0,0,0,0,0,0,0,0,0,0,0,0,0,0,0,0,0,0,0,0,0,0,0,0,0,0,0,0,0,0,0,0,0,0,0,0,0,0,0,0,0,0,0,0,0,0,0,0,0,0,0,56,74,74,23,0,0,0,0,0,0,0,0,0,0,0,0,0,0,0,0,0,0,0,11,70,138,194,242,251,254,255,246,189,0,0,0,0,0,0,0,0,0,0,0,0,0,0,15,83,227,238,241,254,254,254,249,189,189,189,130,126,0,0,0,0,0,0,0,0,0,0,0,0,0,15,192,254,254,254,225,182,108,40,20,0,0,0,0,0,0,0,0,0,0,0,0,0,0,0,0,0,56,199,254,206,37,70,28,0,0,0,0,0,0,0,0,0,0,0,0,0,0,0,0,0,0,0,0,38,237,254,177,24,0,0,0,0,0,0,0,0,0,0,0,0,0,0,0,0,0,0,0,0,0,0,0,174,254,234,72,22,0,0,0,0,0,0,0,0,0,0,0,0,0,0,0,0,0,0,0,0,0,0,0,170,254,254,254,234,200,79,0,0,0,0,0,0,0,0,0,0,0,0,0,0,0,0,0,0,0,0,0,12,65,129,207,223,254,247,163,16,0,0,0,0,0,0,0,0,0,0,0,0,0,0,0,0,0,0,0,0,0,0,0,10,64,225,247,138,0,0,0,0,0,0,0,0,0,0,0,0,0,0,0,0,0,10,31,105,36,0,0,0,0,57,240,163,0,0,0,0,0,0,0,0,0,0,0,0,0,0,0,0,46,185,254,162,6,0,0,0,23,172,254,163,0,0,0,0,0,0,0,0,0,0,0,0,0,0,0,0,235,254,111,3,0,20,71,185,247,254,244,64,0,0,0,0,0,0,0,0,0,0,0,0,0,0,0,0,249,254,236,190,190,249,254,254,251,193,47,0,0,0,0,0,0,0,0,0,0,0,0,0,0,0,0,0,46,210,241,249,254,222,155,109,56,0,0,0,0,0,0,0,0,0,0,0,0,0,0,0,0,0,0,0,0,0,0,45,73,6,0,0,0,0,0,0,0,0,0,0,0,0,0,0,0,0,0,0,0,0,0,0,0,0,0,0,0,0,0,0,0,0,0,0,0,0,0,0,0,0,0,0,0,0,0,0,0,0,0,0,0,0,0,0,0,0,0,0,0,0,0,0,0,0,0,0,0,0,0,0,0,0,0,0,0,0,0,0,0,0,0,0,0,0,0,0,0,0,0,0,0,0,0,0,0,0,0,0,0,0,0,0,0,0,0,0,0,0,0,0,0,0,0,0,0,0,0,0,0,0,0,0,0,0,0,0,0,0,0,0,0,0,0,0,0,0,0,0,0,0,0,0,0,0,0,0,0,0,0,0,0,0,0,0,0,0,cinq
0,0,0,0,0,0,0,0,0,0,0,0,0,0,0,0,0,0,0,0,0,0,0,0,0,0,0,0,0,0,0,0,0,0,0,0,0,0,0,0,0,0,0,0,0,0,0,0,0,0,0,0,0,0,0,0,0,0,0,0,0,0,0,0,0,0,0,0,0,0,0,0,0,0,0,0,0,0,0,0,0,0,0,0,0,0,0,0,0,0,0,0,0,0,0,0,0,0,0,0,0,0,0,0,0,0,0,0,0,0,0,0,0,0,0,0,0,0,0,0,0,0,0,91,243,130,45,0,0,0,0,0,0,0,0,0,0,0,0,0,0,0,0,0,0,0,0,0,0,0,0,118,254,254,240,59,0,0,0,0,0,0,0,0,0,0,0,0,0,0,0,0,0,0,0,0,0,0,0,118,236,199,248,240,117,2,0,0,0,0,0,0,0,0,0,0,0,0,0,0,0,0,0,0,0,0,0,150,133,0,36,222,254,90,0,0,0,0,0,0,0,0,0,0,0,0,0,0,0,0,0,0,0,0,0,201,133,0,0,35,94,30,0,0,0,0,0,0,0,0,0,0,0,0,0,0,0,0,0,0,0,0,23,238,66,0,0,0,0,0,0,0,0,0,0,0,0,0,0,0,0,0,0,0,0,0,0,0,0,0,30,225,30,30,85,24,0,0,0,0,0,0,0,0,0,0,0,0,0,0,0,0,0,0,0,0,0,0,96,254,254,254,254,244,155,25,0,0,0,0,0,0,0,0,0,0,0,0,0,0,0,0,0,0,0,0,101,254,236,175,148,237,254,227,60,0,0,0,0,0,0,0,0,0,0,0,0,0,0,0,0,0,0,0,6,73,24,0,0,24,109,236,208,10,0,0,0,0,0,0,0,0,0,0,0,0,0,0,0,0,0,0,0,0,0,0,0,0,0,100,254,63,0,0,0,0,0,0,0,0,0,0,0,0,0,0,0,0,0,0,0,0,0,0,0,0,0,76,254,33,0,0,0,0,0,0,0,0,0,0,0,0,0,0,0,0,0,0,0,0,0,0,0,0,0,160,254,21,0,0,0,0,0,0,0,0,0,0,0,0,0,0,0,0,0,0,0,0,0,0,0,0,96,251,219,9,0,0,0,0,0,0,0,0,0,0,0,0,0,0,0,0,6,121,20,0,0,0,0,34,194,254,117,0,0,0,0,0,0,0,0,0,0,0,0,0,0,0,0,0,99,180,0,0,0,0,50,233,254,198,45,0,0,0,0,0,0,0,0,0,0,0,0,0,0,0,0,0,82,169,0,0,0,77,233,254,198,17,0,0,0,0,0,0,0,0,0,0,0,0,0,0,0,0,0,0,8,215,141,76,183,249,254,215,55,0,0,0,0,0,0,0,0,0,0,0,0,0,0,0,0,0,0,0,0,139,254,254,254,254,214,56,0,0,0,0,0,0,0,0,0,0,0,0,0,0,0,0,0,0,0,0,0,2,69,153,198,129,16,0,0,0,0,0,0,0,0,0,0,0,0,0,0,0,0,0,0,0,0,0,0,0,0,0,0,0,0,0,0,0,0,0,0,0,0,0,0,0,0,0,0,0,0,0,0,0,0,0,0,0,0,0,0,0,0,0,0,0,0,0,0,0,0,0,0,0,0,0,0,0,0,0,0,0,0,0,0,0,0,0,0,0,0,0,0,0,0,0,0,0,0,0,0,0,0,0,0,0,0,0,0,0,0,0,0,0,0,0,0,0,0,0,0,0,0,0,0,0,0,0,0,0,0,0,cinq
0,0,0,0,0,0,0,0,0,0,0,0,0,0,0,0,0,0,0,0,0,0,0,0,0,0,0,0,0,0,0,0,0,0,0,0,0,0,0,0,0,0,0,0,0,0,0,0,0,0,0,0,0,0,0,0,0,0,0,0,0,0,0,0,0,0,0,0,0,0,0,0,0,0,0,0,0,0,0,0,0,0,0,0,0,0,0,0,0,0,0,0,0,0,0,0,0,0,0,0,0,0,0,0,0,0,0,0,0,0,0,0,0,0,0,0,0,0,0,0,0,0,0,0,0,0,0,0,0,0,0,0,0,0,0,0,0,0,0,0,0,0,0,0,0,0,0,0,76,129,10,0,0,0,0,0,0,0,0,23,29,142,217,255,141,0,0,0,0,0,0,0,0,0,0,0,226,254,197,63,0,26,0,0,26,57,82,235,253,254,253,209,59,0,0,0,0,0,0,0,0,0,0,29,235,254,253,235,198,224,198,198,223,169,168,81,56,56,56,13,0,0,0,0,0,0,0,0,0,0,0,48,241,254,177,140,140,141,140,229,152,0,0,0,0,0,0,0,0,0,0,0,0,0,0,0,0,0,121,254,254,227,38,0,0,0,0,0,0,0,0,0,0,0,0,0,0,0,0,0,0,0,0,0,0,19,226,253,228,38,0,0,0,0,0,0,0,0,0,0,0,0,0,0,0,0,0,0,0,0,0,0,0,67,253,225,43,0,0,0,0,0,0,0,0,0,0,0,0,0,0,0,0,0,0,0,0,0,0,0,0,141,253,168,0,0,0,0,0,0,0,0,0,0,0,0,0,0,0,0,0,0,0,0,0,0,0,0,0,129,254,254,204,129,29,29,29,0,0,0,0,0,0,0,0,0,0,0,0,0,0,0,0,0,0,0,0,10,172,253,253,254,253,253,253,170,95,57,32,0,0,0,0,0,0,0,0,0,0,0,0,0,0,0,0,0,13,56,56,169,187,253,253,254,253,253,229,199,66,0,0,0,0,0,0,0,0,0,0,0,0,0,0,0,0,0,0,0,7,28,78,141,140,178,253,254,235,176,176,0,0,0,0,0,0,0,0,0,0,0,0,0,0,0,0,0,0,0,0,0,0,0,0,114,189,248,254,192,47,0,0,0,0,0,0,0,0,0,0,0,0,0,0,0,0,0,0,0,0,0,0,0,0,66,210,254,172,13,0,0,0,0,0,0,0,0,0,0,0,0,0,199,173,19,0,0,0,0,0,0,0,0,114,254,253,56,0,0,0,0,0,0,0,0,0,0,0,0,0,204,253,194,13,0,0,0,0,0,0,38,226,254,152,6,0,0,0,0,0,0,0,0,0,0,0,0,0,13,208,254,204,26,0,0,0,0,45,179,254,240,75,0,0,0,0,0,0,0,0,0,0,0,0,0,0,0,82,216,253,245,95,57,57,170,226,234,197,38,0,0,0,0,0,0,0,0,0,0,0,0,0,0,0,0,0,19,156,254,253,253,253,254,253,130,0,0,0,0,0,0,0,0,0,0,0,0,0,0,0,0,0,0,0,0,0,91,140,178,152,141,65,6,0,0,0,0,0,0,0,0,0,0,0,0,0,0,0,0,0,0,0,0,0,0,0,0,0,0,0,0,0,0,0,0,0,0,0,0,0,0,0,0,0,0,0,0,0,0,0,0,0,0,0,0,0,0,0,0,0,0,0,0,0,0,0,0,0,0,0,0,0,0,0,0,0,0,0,0,0,0,0,0,0,0,0,0,0,0,0,0,0,0,0,0,cinq
0,0,0,0,0,0,0,0,0,0,0,0,0,0,0,0,0,0,0,0,0,0,0,0,0,0,0,0,0,0,0,0,0,0,0,0,0,0,0,0,0,0,0,0,0,0,0,0,0,0,0,0,0,0,0,0,0,0,0,0,0,0,0,0,0,0,0,0,0,0,0,0,0,0,0,0,0,0,0,0,0,0,0,0,0,0,0,0,0,0,0,0,0,0,0,0,0,0,0,0,0,0,0,0,0,0,0,0,0,0,0,0,0,0,0,0,0,0,0,0,0,0,0,0,0,0,0,0,0,0,0,0,0,0,0,0,0,0,0,0,0,0,0,0,0,0,0,0,0,0,0,0,0,0,0,0,0,0,0,0,0,0,0,0,0,0,0,0,0,0,0,0,0,0,0,0,0,0,0,0,0,0,0,0,0,0,0,0,0,0,0,0,0,0,0,0,0,0,0,0,0,0,0,0,0,0,0,0,0,0,0,0,0,0,0,0,0,0,0,0,0,0,0,0,0,0,0,0,0,0,0,0,0,0,0,0,0,0,0,2,23,33,97,181,197,197,197,121,36,0,0,0,0,0,0,0,0,0,0,0,0,0,0,0,0,26,68,181,238,254,254,254,254,218,213,213,226,0,0,0,0,0,0,0,0,0,0,0,0,0,0,28,119,238,254,254,250,196,123,57,41,6,0,0,14,0,0,0,0,0,0,0,0,0,0,0,0,0,12,192,254,218,196,197,78,0,0,0,0,0,0,0,0,0,0,0,0,0,0,0,0,0,0,0,0,0,171,254,194,15,0,0,0,0,0,0,0,0,0,0,0,0,0,0,0,0,0,0,0,0,0,0,0,63,251,254,197,80,75,0,0,0,0,0,0,0,0,0,0,0,0,0,0,0,0,0,0,0,0,0,0,17,158,217,254,254,254,244,75,0,0,0,0,0,0,0,0,0,0,0,0,0,0,0,0,0,0,0,0,0,0,0,0,51,109,226,249,45,0,0,0,0,0,0,0,0,0,0,0,0,0,0,0,0,0,0,0,0,0,0,0,0,0,178,254,65,0,0,0,0,0,0,0,0,0,0,0,0,0,0,0,0,0,0,0,0,0,0,0,8,105,255,225,17,0,0,0,0,0,0,0,0,0,0,0,0,0,0,0,0,0,0,0,0,0,8,81,208,254,229,41,0,0,0,0,0,0,0,0,0,0,0,0,0,0,0,0,15,131,57,42,42,127,216,254,228,133,16,0,0,0,0,0,0,0,0,0,0,0,0,0,0,0,0,0,202,254,228,254,254,212,204,83,16,0,0,0,0,0,0,0,0,0,0,0,0,0,0,0,0,0,0,0,170,196,161,115,48,6,0,0,0,0,0,0,0,0,0,0,0,0,0,0,0,0,0,0,0,0,0,0,0,0,0,0,0,0,0,0,0,0,0,0,0,0,0,0,0,0,0,0,0,0,0,0,0,0,0,0,0,0,0,0,0,0,0,0,0,0,0,0,0,0,0,0,0,0,0,0,0,0,0,0,0,0,0,0,0,0,0,0,0,0,0,0,0,0,0,0,0,0,0,0,0,0,0,0,0,0,0,0,0,0,0,0,0,0,0,0,0,0,0,0,0,0,0,0,0,0,0,0,0,0,0,0,0,0,0,0,0,0,0,0,0,0,0,0,0,0,0,0,0,0,0,0,0,0,0,0,0,0,0,0,0,0,0,0,0,0,0,0,0,0,0,0,0,0,0,0,0,0,0,0,0,0,0,0,0,0,0,0,0,0,0,cinq
0,0,0,0,0,0,0,0,0,0,0,0,0,0,0,0,0,0,0,0,0,0,0,0,0,0,0,0,0,0,0,0,0,0,0,0,0,0,0,0,0,0,0,0,0,0,0,0,0,0,0,0,0,0,0,0,0,0,0,0,0,0,0,0,0,0,0,0,0,0,0,0,0,0,0,0,0,0,0,0,0,0,0,0,0,0,0,0,0,0,0,0,0,0,0,0,0,0,0,0,0,0,0,0,0,0,0,0,0,0,0,0,0,0,0,0,0,0,0,0,0,0,0,0,0,0,0,0,0,0,0,0,0,0,0,0,0,0,0,0,0,0,0,0,0,0,0,0,0,0,0,0,0,0,0,0,0,0,0,0,0,0,0,0,0,0,0,0,0,0,0,0,0,0,0,0,0,0,0,0,0,0,0,0,19,31,0,0,0,0,0,0,0,0,0,0,0,0,0,0,0,0,0,0,0,0,0,0,0,0,0,53,214,244,71,59,95,136,136,137,125,59,59,0,0,0,0,0,0,0,0,0,0,0,0,0,0,0,144,242,253,253,253,254,253,253,253,254,241,217,156,0,0,0,0,0,0,0,0,0,0,0,0,0,4,123,254,255,245,192,156,156,121,12,0,0,0,0,0,0,0,0,0,0,0,0,0,0,0,0,0,22,186,253,217,107,32,0,0,0,0,0,0,0,0,0,0,0,0,0,0,0,0,0,0,0,0,0,0,158,253,221,81,0,0,0,0,0,0,0,0,0,0,0,0,0,0,0,0,0,0,0,0,0,0,0,144,254,253,182,156,127,79,12,0,0,0,0,0,0,0,0,0,0,0,0,0,0,0,0,0,0,0,19,241,255,254,254,254,255,254,211,44,0,0,0,0,0,0,0,0,0,0,0,0,0,0,0,0,0,0,0,127,136,136,136,112,65,178,253,181,0,0,0,0,0,0,0,0,0,0,0,0,0,0,0,0,0,0,0,0,0,0,0,0,0,58,253,241,0,0,0,0,0,0,0,0,0,0,0,0,0,0,0,0,0,0,0,0,0,0,0,0,0,141,253,181,0,0,0,0,0,0,0,0,0,0,0,0,0,0,0,0,0,0,0,0,0,0,11,20,111,254,249,66,0,0,0,0,0,0,0,0,0,0,0,0,0,0,0,0,0,0,0,13,13,43,190,253,254,253,146,0,0,0,0,0,0,0,0,0,0,0,0,0,0,0,0,0,167,215,215,226,227,244,253,253,254,147,18,0,0,0,0,0,0,0,0,0,0,0,0,0,0,0,0,0,157,253,253,253,254,253,253,253,218,83,12,0,0,0,0,0,0,0,0,0,0,0,0,0,0,0,0,0,188,254,254,254,255,254,225,85,0,0,0,0,0,0,0,0,0,0,0,0,0,0,0,0,0,0,0,0,5,130,214,214,208,125,27,0,0,0,0,0,0,0,0,0,0,0,0,0,0,0,0,0,0,0,0,0,0,0,0,0,0,0,0,0,0,0,0,0,0,0,0,0,0,0,0,0,0,0,0,0,0,0,0,0,0,0,0,0,0,0,0,0,0,0,0,0,0,0,0,0,0,0,0,0,0,0,0,0,0,0,0,0,0,0,0,0,0,0,0,0,0,0,0,0,0,0,0,0,0,0,0,0,0,0,0,0,0,0,0,0,0,0,0,0,0,0,0,0,0,0,0,0,0,0,0,0,0,0,0,0,0,0,0,0,0,0,0,0,0,0,0,0,0,0,0,0,0,0,0,0,0,0,0,0,0,0,0,0,0,cinq
0,0,0,0,0,0,0,0,0,0,0,0,0,0,0,0,0,0,0,0,0,0,0,0,0,0,0,0,0,0,0,0,0,0,0,0,0,0,0,0,0,0,0,0,0,0,0,0,0,0,0,0,0,0,0,0,0,0,0,0,0,0,0,0,0,0,0,0,0,0,0,0,0,0,0,0,0,0,0,0,0,0,0,0,0,0,0,0,0,0,0,0,0,0,0,0,0,0,0,0,0,0,0,0,0,0,0,0,0,0,0,0,0,0,0,0,0,0,0,0,0,0,0,0,0,0,0,0,0,0,0,0,0,0,0,0,0,0,0,0,0,0,0,0,0,0,0,0,0,0,0,0,0,0,0,0,0,0,0,13,70,70,70,32,0,0,0,0,0,0,0,0,0,0,0,0,0,0,0,0,0,0,0,0,47,138,231,235,253,253,254,241,230,230,0,0,0,0,0,0,0,0,0,0,0,0,0,0,0,0,0,155,245,253,247,230,230,162,138,121,46,46,0,0,0,0,0,0,0,0,0,0,0,0,0,0,43,159,185,247,177,94,50,0,0,0,0,0,0,0,0,0,0,0,0,0,0,0,0,0,0,0,0,72,254,254,254,23,0,0,0,0,0,0,0,0,0,0,0,0,0,0,0,0,0,0,0,0,0,0,55,235,248,139,23,2,0,0,0,0,0,0,0,0,0,0,0,0,0,0,0,0,0,0,0,0,0,68,237,253,162,0,0,0,0,0,0,0,0,0,0,0,0,0,0,0,0,0,0,0,0,0,0,0,0,68,254,253,238,93,0,0,0,0,0,0,0,0,0,0,0,0,0,0,0,0,0,0,0,0,0,0,0,34,119,197,254,254,254,152,13,0,0,0,0,0,0,0,0,0,0,0,0,0,0,0,0,0,0,0,0,0,0,5,31,115,220,253,113,0,0,0,0,0,0,0,0,0,0,0,0,0,0,0,0,0,0,0,0,0,0,0,0,0,13,234,230,0,0,0,0,0,0,0,0,0,0,0,0,0,0,0,0,0,0,0,0,0,0,0,0,0,51,247,230,0,0,0,0,0,0,0,0,0,0,0,0,0,0,0,0,0,0,0,0,0,0,0,0,0,187,254,180,0,0,0,0,0,0,0,0,0,0,0,0,0,0,0,0,0,0,0,0,0,0,0,5,147,254,244,38,0,0,0,0,0,0,0,0,0,0,0,0,0,0,0,0,0,0,0,0,0,0,5,112,253,247,87,0,0,0,0,0,0,0,0,0,0,0,0,0,0,0,0,0,0,93,127,93,93,151,197,253,253,184,0,0,0,0,0,0,0,0,0,0,0,0,0,0,0,0,0,0,0,170,254,254,254,255,254,205,93,0,0,0,0,0,0,0,0,0,0,0,0,0,0,0,0,0,0,0,0,136,253,253,253,254,227,71,0,0,0,0,0,0,0,0,0,0,0,0,0,0,0,0,0,0,0,0,0,13,129,179,230,80,38,0,0,0,0,0,0,0,0,0,0,0,0,0,0,0,0,0,0,0,0,0,0,0,0,0,0,0,0,0,0,0,0,0,0,0,0,0,0,0,0,0,0,0,0,0,0,0,0,0,0,0,0,0,0,0,0,0,0,0,0,0,0,0,0,0,0,0,0,0,0,0,0,0,0,0,0,0,0,0,0,0,0,0,0,0,0,0,0,0,0,0,0,0,0,0,0,0,0,0,0,0,0,0,0,0,0,0,0,0,0,0,0,0,0,0,0,0,0,0,0,0,0,0,0,0,0,0,0,cinq
0,0,0,0,0,0,0,0,0,0,0,0,0,0,0,0,0,0,0,0,0,0,0,0,0,0,0,0,0,0,0,0,0,0,0,0,0,0,0,0,0,0,0,0,0,0,0,0,0,0,0,0,0,0,0,0,0,0,0,0,0,0,0,0,0,0,0,0,0,0,0,0,0,0,0,0,0,0,0,0,0,0,0,0,0,0,0,0,0,0,0,0,0,0,0,0,0,0,0,0,0,0,0,0,0,0,0,0,0,0,0,0,0,0,0,0,0,0,0,0,8,121,245,187,111,34,15,0,0,0,0,0,0,0,0,0,0,0,0,0,0,0,0,0,0,0,0,0,56,253,253,253,253,253,211,148,67,61,0,0,0,0,0,0,0,0,0,0,0,0,0,0,0,0,0,0,147,253,253,210,253,253,254,253,253,250,210,124,100,83,0,0,0,0,0,0,0,0,0,0,0,0,0,0,166,253,243,6,44,121,232,247,253,253,253,253,253,252,121,0,0,0,0,0,0,0,0,0,0,0,0,0,94,253,245,22,0,0,0,62,88,145,198,198,193,155,137,0,0,0,0,0,0,0,0,0,0,0,0,0,56,253,253,99,0,0,0,0,0,0,0,0,0,0,0,0,0,0,0,0,0,0,0,0,0,0,0,0,29,222,253,221,37,0,0,0,0,0,0,0,0,0,0,0,0,0,0,0,0,0,0,0,0,0,0,0,0,35,221,253,223,107,0,0,0,0,0,0,0,0,0,0,0,0,0,0,0,0,0,0,0,0,0,0,0,0,37,223,253,253,189,112,48,0,0,0,0,0,0,0,0,0,0,0,0,0,0,0,0,0,0,0,0,0,0,40,176,253,254,253,241,212,111,24,0,0,0,0,0,0,0,0,0,0,0,0,0,0,0,0,0,0,0,0,0,0,126,244,254,254,254,254,153,71,0,0,0,0,0,0,0,0,0,0,0,0,0,0,0,0,0,0,0,0,0,54,121,193,253,253,253,240,96,9,0,0,0,0,0,0,0,0,0,0,0,0,0,0,0,0,0,0,0,0,0,4,68,154,245,253,253,33,0,0,0,0,0,0,0,0,0,0,0,0,0,0,0,0,0,0,0,0,0,0,15,148,253,253,253,33,0,0,0,0,0,0,0,0,0,0,0,0,0,0,0,0,0,0,0,0,22,66,223,253,253,244,164,12,0,0,0,0,0,0,0,0,0,0,0,0,0,0,0,0,0,0,90,166,220,253,253,253,250,136,0,0,0,0,0,0,0,0,0,0,0,0,10,12,9,9,113,189,232,232,254,253,253,252,218,94,21,0,0,0,0,0,0,0,0,0,0,0,40,155,237,253,232,232,253,253,253,253,255,242,209,95,0,0,0,0,0,0,0,0,0,0,0,0,0,0,144,253,253,253,253,253,253,253,230,176,162,49,0,0,0,0,0,0,0,0,0,0,0,0,0,0,0,0,96,253,253,253,253,166,143,76,23,0,0,0,0,0,0,0,0,0,0,0,0,0,0,0,0,0,0,0,0,0,0,0,0,0,0,0,0,0,0,0,0,0,0,0,0,0,0,0,0,0,0,0,0,0,0,0,0,0,0,0,0,0,0,0,0,0,0,0,0,0,0,0,0,0,0,0,0,0,0,0,0,0,0,0,0,0,0,0,0,0,0,0,0,0,0,0,0,0,0,0,0,0,0,0,0,0,0,0,0,0,0,0,0,0,0,0,0,0,0,0,0,0,0,0,0,0,0,0,0,0,0,0,0,0,0,0,cinq
0,0,0,0,0,0,0,0,0,0,0,0,0,0,0,0,0,0,0,0,0,0,0,0,0,0,0,0,0,0,0,0,0,0,0,0,0,0,0,0,0,0,0,0,0,0,0,0,0,0,0,0,0,0,0,0,0,0,0,0,0,0,0,0,0,0,0,0,0,0,0,0,0,0,0,0,0,0,0,0,0,0,0,0,0,0,0,0,0,0,0,0,0,0,0,0,0,0,0,0,0,0,0,0,0,0,0,0,0,0,0,0,0,0,0,0,0,0,0,0,0,0,0,0,0,0,0,0,0,0,0,0,0,0,0,0,0,0,0,0,0,0,0,0,0,0,0,0,0,0,0,12,96,96,96,96,115,253,253,253,60,0,0,0,0,0,0,0,0,0,0,0,0,0,0,0,68,190,191,197,251,251,251,253,251,251,251,251,158,0,0,0,0,0,0,0,0,0,0,0,0,0,0,64,236,251,253,251,251,251,251,253,251,251,251,172,79,0,0,0,0,0,0,0,0,0,0,0,0,0,167,236,251,251,253,251,251,235,188,189,188,109,31,12,0,0,0,0,0,0,0,0,0,0,0,0,0,0,190,251,251,251,253,231,94,70,0,0,0,0,0,0,0,0,0,0,0,0,0,0,0,0,0,0,0,0,0,80,242,253,255,63,0,0,0,0,0,0,0,0,0,0,0,0,0,0,0,0,0,0,0,0,0,0,0,0,221,251,253,62,0,8,32,32,151,190,190,190,20,0,0,0,0,0,0,0,0,0,0,0,0,0,0,64,236,251,205,31,0,143,251,253,251,251,251,251,206,32,0,0,0,0,0,0,0,0,0,0,0,0,0,127,251,251,242,123,221,248,251,253,251,219,244,251,253,102,0,0,0,0,0,0,0,0,0,0,0,0,0,127,251,251,253,251,251,251,251,193,94,47,123,251,253,240,79,0,0,0,0,0,0,0,0,0,0,0,0,128,253,253,255,253,253,229,158,0,0,0,0,159,255,253,173,12,0,0,0,0,0,0,0,0,0,0,0,32,229,251,253,247,140,47,0,0,0,0,0,158,253,251,172,12,0,0,0,0,0,0,0,0,0,0,0,0,111,204,126,110,0,0,0,0,0,0,0,158,253,251,188,15,0,0,0,0,0,0,0,0,0,0,0,0,0,19,0,0,0,0,0,0,0,0,56,240,253,251,126,0,0,0,0,0,0,0,0,0,0,0,0,0,0,0,0,0,0,0,0,0,0,80,181,251,253,231,47,0,0,0,0,0,0,0,0,0,0,0,0,0,0,0,0,12,96,96,96,96,115,253,253,253,255,63,0,0,0,0,0,0,0,0,0,0,0,0,0,0,0,0,0,151,251,251,251,253,251,251,251,231,161,16,0,0,0,0,0,0,0,0,0,0,0,0,0,0,0,0,0,190,251,251,251,253,251,251,219,47,0,0,0,0,0,0,0,0,0,0,0,0,0,0,0,0,0,0,0,150,251,251,251,253,243,188,42,0,0,0,0,0,0,0,0,0,0,0,0,0,0,0,0,0,0,0,0,12,173,251,251,193,82,0,0,0,0,0,0,0,0,0,0,0,0,0,0,0,0,0,0,0,0,0,0,0,0,0,0,0,0,0,0,0,0,0,0,0,0,0,0,0,0,0,0,0,0,0,0,0,0,0,0,0,0,0,0,0,0,0,0,0,0,0,0,0,0,0,0,0,0,0,0,0,0,0,0,0,0,0,0,0,0,0,0,0,0,0,0,0,0,0,0,0,0,0,0,0,cinq
